Name,OVR,Program,Market Price,Position
Barry Sanders,93,Team Diamonds,859000.0,HB
Rickey Jackson,93,Legends,498000.0,LOLB
Steve Smith Sr,93,Legends,468000.0,WR
Michael Vick,92,Legends,383000.0,QB
Deion Sanders,92,Legends,603000.0,CB
Mean Joe Greene,92,Legends,451000.0,DT
Kevin Mawae,92,Legends,443000.0,C
Brett Favre,92,The 50,321000.0,QB
Dominique Rodgers-Cromartie,92,The 50,486000.0,CB
Steve Hutchinson,92,The 50,371000.0,LG
Rickey Jackson,92,Legends,338000.0,LOLB
Steve Smith Sr,92,Legends,339000.0,WR
Chris Harris Jr,92,Team of the Week,416000.0,CB
Matthew Stafford,92,Limited Edition,441000.0,QB
Vita Vea,92,Limited Edition,371000.0,DT
Reggie Bush,91,The 50,411000.0,HB
Nnamdi Asomugha,91,The 50,365000.0,CB
Brian Dawkins,91,The 50,371000.0,FS
Walter Jones,91,The 50,360000.0,LT
Reggie White,91,The 50,386000.0,LE
Derrick Brooks,91,The 50,209000.0,ROLB
Jimmy Graham,91,The 50,316000.0,TE
Tyrone Calico,91,The 50,300000.0,WR
Michael Vick,91,Legends,196000.0,QB
Deion Sanders,91,Legends,391000.0,CB
J.J. Watt,91,Team of the Week,536000.0,LE
Micah Hyde,91,Limited Edition,826000.0,FS
Amari Cooper,91,Limited Edition,742000.0,WR
Vincent Jackson,91,The 50,201000.0,WR
Ryan Shazier,91,The 50,295000.0,MLB
Taylor Mays,91,The 50,368000.0,SS
Bo Jackson,91,Legends,399000.0,HB
Junior Seau,91,Legends,326000.0,MLB
Mean Joe Greene,91,Legends,246000.0,DT
Kevin Mawae,91,Legends,260000.0,C
A.J. Green,91,Team of the Week,305000.0,WR
Darren Waller,91,Limited Edition,800000.0,TE
Avery Williamson,91,Limited Edition,318000.0,MLB
Tony Gonzalez,91,Legends,310000.0,TE
John Lynch,91,Legends,310000.0,SS
Lance Briggs,91,Team of the Week,196000.0,LOLB
Randall Cunningham,91,Team of the Week,213000.0,QB
Reggie Wayne,91,Legends,305000.0,WR
Lawrence Taylor,91,Legends,409000.0,ROLB
Chase Claypool,91,Team of the Week,297000.0,WR
Tony Gonzalez,91,Series Redux,230000.0,TE
Bo Jackson,91,Series Redux,335000.0,HB
Junior Seau,91,Series Redux,196000.0,MLB
John Lynch,91,Series Redux,200000.0,SS
Cortland Finnegan,90,Team of the Week,147000.0,CB
Mike Alstott,90,Team of the Week,190000.0,FB
Shaquil Barrett,90,Team of the Week,150000.0,ROLB
Jalen Ramsey,90,Derwin vs the,Unknown,CB
Nick Chubb,90,Derwin vs the,Unknown,HB
Keenan Allen,90,Derwin vs the,Unknown,WR
Bo Jackson,90,Legends,195000.0,HB
Junior Seau,90,Legends,146000.0,MLB
Osi Umenyiora,90,Team of the Week,148000.0,RE
Shaun Alexander,90,Team of the Week,144000.0,HB
Odell Beckham Jr,90,Team of the Week,226000.0,WR
Brandin Cooks,90,Ultimate Kickoff,306000.0,WR
Byron Jones,90,Ultimate Kickoff,169000.0,CB
Tony Gonzalez,90,Legends,150000.0,TE
John Lynch,90,Legends,146000.0,SS
T.J. Watt,90,Team of the Week,320000.0,LOLB
Aaron Rodgers,90,Limited Edition,327000.0,QB
Rickey Jackson,90,Legends,159000.0,LOLB
Denzel Ward,90,Limited Edition,626000.0,CB
Steve Smith Sr,90,Legends,145000.0,WR
Jamal Adams,90,Ultimate Kickoff,698000.0,SS
Reggie Wayne,90,Legends,145000.0,WR
Lawrence Taylor,90,Legends,220000.0,ROLB
Mark Andrews,90,Team of the Week,388000.0,TE
Dalvin Cook,90,Limited Edition,350000.0,HB
Kawann Short,90,Limited Edition,326000.0,DT
Brandin Cooks,90,Series Redux,215000.0,WR
T.J. Watt,90,Series Redux,203000.0,LOLB
Richard Seymour,90,Legends,143000.0,RE
Dan Marino,90,Legends,150000.0,QB
Steve Atwater,89,Legends,100000.0,FS
Larry Allen,89,Legends,150000.0,RG
Rod Woodson,89,Legends,115000.0,CB
Morten Andersen,89,Legends,169000.0,K
Michael Vick,89,Legends,104000.0,QB
Deion Sanders,89,Legends,286000.0,CB
Ezekiel Elliott,89,Superstar MVPs,128000.0,HB
Myles Garrett,89,Superstar MVPs,133000.0,RE
Julio Jones,89,Superstar MVPs,330000.0,WR
Greg Olsen,89,Flashbacks,95100.0,TE
Marcus Mariota,89,Flashbacks,99100.0,QB
Ndamukong Suh,89,Flashbacks,91800.0,RE
Marcus Peters,89,Flashbacks,99100.0,CB
Robert Woods,89,Flashbacks,94600.0,WR
Jermichael Finley,89,Team Diamonds,140000.0,TE
Mean Joe Greene,89,Legends,126000.0,DT
Kevin Mawae,89,Legends,140000.0,C
Jahri Evans,89,Team Diamonds,130000.0,RG
Phil Loadholt,89,Team Diamonds,117000.0,RT
Asante Samuel,89,Team Diamonds,107000.0,CB
Justin Smith,89,Team Diamonds,136000.0,RE
Troy Vincent,89,Team Diamonds,100000.0,CB
Sean Murphy-Bunting,89,Rising Stars,96100.0,CB
Courtland Sutton,89,Rising Stars,93100.0,WR
Orlando Brown Jr,89,Rising Stars,92600.0,RT
Derwin James Jr,89,Rising Stars,101000.0,SS
Warrick Dunn,89,Team Diamonds,104000.0,HB
James Conner,89,Rising Stars,96900.0,HB
Adalius Thomas,89,Team Diamonds,102000.0,ROLB
Julian Edelman,89,Team Standouts,141000.0,WR
L'Jarius Sneed,89,Team Standouts,161000.0,CB
Dante Hall,89,Team Diamonds,99600.0,WR
Kyler Murray,89,Team Standouts,137000.0,QB
D.K. Metcalf,89,Team Standouts,158000.0,WR
Travis Frederick,89,Team Diamonds,150000.0,C
Justin Simmons,89,Team Standouts,160000.0,FS
Blake Martinez,89,Team Standouts,100000.0,MLB
William Jackson III,89,Team Standouts,131000.0,CB
Myles Jack,89,Team Standouts,154000.0,ROLB
Allen Lazard,89,Team Standouts,121000.0,WR
Fred Warner,89,Team Standouts,171000.0,MLB
Jerome Baker,89,Team Standouts,139000.0,MLB
Josh Allen,89,Team Standouts,133000.0,QB
Darius Leonard,89,Team Standouts,136000.0,LOLB
Calvin Ridley,89,Team Standouts,135000.0,WR
Mike Hilton,89,Team Standouts,111000.0,CB
Austin Ekeler,89,Team Standouts,95800.0,HB
Chuck Clark,89,Team Standouts,121000.0,SS
Kareem Hunt,89,Team Standouts,120000.0,HB
John Johnson III,89,Team Standouts,97500.0,SS
Marcus Maye,89,Team Standouts,200000.0,FS
Alvin Kamara,89,Team Standouts,201000.0,HB
Duron Harmon,89,Team Standouts,159000.0,FS
Kyle Fuller,89,Team Standouts,150000.0,CB
Derek Carr,89,Team Standouts,104000.0,QB
Aldon Smith,89,Team Standouts,166000.0,LE
Brandon Graham,89,Team Standouts,143000.0,LE
Jason Pierre-Paul,89,Team Standouts,115000.0,LOLB
Shaq Thompson,89,Team Standouts,97500.0,MLB
Eric Kendricks,89,Team Standouts,108000.0,MLB
Benardrick McKinney,89,Team Standouts,100000.0,MLB
Kenny Vaccaro,89,Team Standouts,99700.0,SS
Jon Bostic,89,Team Standouts,103000.0,MLB
Arian Foster,89,Team of the Week,106000.0,HB
Bryant Young,89,Team of the Week,121000.0,DT
Davante Adams,89,Team of the Week,96500.0,WR
Richie Incognito,89,Heavyweights,108000.0,LG
Laremy Tunsil,89,Heavyweights,91600.0,LT
Kevin Zeitler,89,Heavyweights,95800.0,RG
Brandon Linder,89,Heavyweights,107000.0,C
Lamar Jackson,89,Superstar MVPs,106000.0,QB
Lane Johnson,89,Heavyweights,101000.0,RT
Tyrann Mathieu,89,Superstar MVPs,125000.0,SS
Rob Gronkowski,89,Superstar MVPs,299000.0,TE
D'Qwell Jackson,89,Team of the Week,100000.0,MLB
Marvin Harrison,89,Team of the Week,99100.0,WR
Dak Prescott,89,Team of the Week,91100.0,QB
Johnathan Joseph,89,Veterans,97300.0,CB
Frank Gore,89,Veterans,101000.0,HB
Akiem Hicks,89,Veterans,109000.0,LE
Malcolm Smith,89,Veterans,99300.0,LOLB
Golden Tate III,89,Veterans,95900.0,WR
Julio Jones,89,Series Redux,186000.0,WR
Rob Gronkowski,89,Series Redux,200000.0,TE
Joe Thomas,89,Legends,115000.0,LT
Jerry Rice,89,Legends,99300.0,WR
Merlin Olsen,89,Legends,99600.0,DT
Bobby Bell,89,Legends,99600.0,LOLB
Jerome Bettis,89,Legends,100000.0,HB
Bo Jackson,88,Legends,85000.0,HB
Junior Seau,88,Legends,71900.0,MLB
Eric Weddle,88,Team Diamonds,96300.0,FS
Roddy White,88,Team Diamonds,80100.0,WR
Heath Miller,88,Team Diamonds,90500.0,TE
Frank Minnifield,88,Team Diamonds,87100.0,CB
Michael Thomas,88,Core Elite,75800.0,WR
Dre' Bly,88,Team Diamonds,91000.0,CB
Yannick Ngakoue,88,Ultimate Kickoff,85000.0,RE
Linval Joseph,88,Ultimate Kickoff,81800.0,DT
Trent Williams,88,Ultimate Kickoff,78600.0,LT
Todd Gurley II,88,Ultimate Kickoff,80300.0,HB
Tony Gonzalez,88,Legends,75800.0,TE
Patrick Mahomes,88,Core Elite,83600.0,QB
John Lynch,88,Legends,75100.0,SS
Christian McCaffrey,88,Core Elite,71800.0,HB
Rickey Jackson,88,Legends,83600.0,LOLB
Steve Smith Sr,88,Legends,73600.0,WR
Zack Martin,88,Core Elite,80400.0,RG
Reggie Wayne,88,Legends,74600.0,WR
Lawrence Taylor,88,Legends,85600.0,ROLB
Patrick Queen,88,Team of the Week,80400.0,MLB
Mike Davis,88,Team of the Week,80100.0,HB
Bobby Wagner,88,Core Elite,71900.0,MLB
Stephon Gilmore,88,Core Elite,73600.0,CB
Patrick Queen,88,Rookie,Unknown,MLB
Aaron Donald,88,Core Elite,80000.0,RE
Richard Seymour,88,Legends,80500.0,DT
Dan Marino,88,Legends,74600.0,QB
Larry Allen,87,Legends,58300.0,RG
Isaiah Simmons,87,Master,120000.0,SS
Rod Woodson,87,Legends,56000.0,CB
Morten Andersen,87,Legends,51000.0,K
Michael Vick,87,Legends,52600.0,QB
Deion Sanders,87,Legends,55600.0,CB
David Bakhtiari,87,Core Elite,49600.0,LT
Aaron Donald,87,Team of the Week,50300.0,RE
Tyler Lockett,87,Team of the Week,52800.0,WR
DeAndre Hopkins,87,Core Elite,52100.0,WR
Geno Atkins,87,|,Unknown,DT
Mean Joe Greene,87,Legends,53100.0,DT
Kevin Mawae,87,Legends,49400.0,C
Kyle Williams,87,Team Diamonds,62100.0,DT
Elvis Dumervil,87,Team Diamonds,70800.0,LOLB
Tyreek Hill,87,Core Elite,75800.0,WR
Bob Sanders,87,Team Diamonds,58800.0,SS
Aeneas Williams,87,Team,Unknown,CB
Aeneas Williams,87,Team,Unknown,CB
Adrian Wilson,87,Team Diamonds,53400.0,SS
Aeneas Williams,87,Team,Unknown,CB
Bradley Chubb,87,Team of the Week,55900.0,ROLB
Aeneas Williams,87,Team,Unknown,CB
Joe Mixon,87,Team of the Week,57800.0,HB
Aeneas Williams,87,Team,Unknown,CB
Aeneas Williams,87,Team,Unknown,CB
Aeneas Williams,87,Team,Unknown,CB
Aeneas Williams,87,Team,Unknown,CB
Aeneas Williams,87,Team,Unknown,CB
Rich Gannon,87,Team Diamonds,59900.0,QB
Aeneas Williams,87,Team,Unknown,CB
Aeneas Williams,87,Team,Unknown,CB
Robert Porcher,87,Team Diamonds,62600.0,LE
Aeneas Williams,87,Team,Unknown,CB
Drew Bennett,87,Team Diamonds,57300.0,WR
Aeneas Williams,87,Team,Unknown,CB
Aeneas Williams,87,Team,Unknown,CB
Aeneas Williams,87,Team,Unknown,CB
Aeneas Williams,87,Team,Unknown,CB
Aeneas Williams,87,Team,Unknown,CB
Mack Strong,87,Team Diamonds,119000.0,FB
Aeneas Williams,87,Team,Unknown,CB
Derrick Henry,87,Core Elite,51900.0,HB
Jimbo Covert,87,Team Diamonds,60000.0,LT
Aeneas Williams,87,Team,Unknown,CB
Aeneas Williams,87,Team,Unknown,CB
Aeneas Williams,87,Team,Unknown,CB
Aeneas Williams,87,Team,Unknown,CB
Aeneas Williams,87,Team,Unknown,CB
Aeneas Williams,87,Team,Unknown,CB
Aeneas Williams,87,Team,Unknown,CB
Aeneas Williams,87,Team,Unknown,CB
Aeneas Williams,87,Team,Unknown,CB
Aeneas Williams,87,Team,Unknown,CB
Aeneas Williams,87,Team,Unknown,CB
Aeneas Williams,87,Team,Unknown,CB
Aeneas Williams,87,Team,Unknown,CB
Aeneas Williams,87,Team,Unknown,CB
La'Roi Glover,87,Team,Unknown,DT
La'Roi Glover,87,Team,Unknown,DT
La'Roi Glover,87,Team,Unknown,DT
La'Roi Glover,87,Team,Unknown,DT
La'Roi Glover,87,Team,Unknown,DT
La'Roi Glover,87,Team,Unknown,DT
La'Roi Glover,87,Team,Unknown,DT
La'Roi Glover,87,Team,Unknown,DT
La'Roi Glover,87,Team,Unknown,DT
La'Roi Glover,87,Team,Unknown,DT
La'Roi Glover,87,Team,Unknown,DT
La'Roi Glover,87,Team,Unknown,DT
La'Roi Glover,87,Team,Unknown,DT
La'Roi Glover,87,Team,Unknown,DT
La'Roi Glover,87,Team,Unknown,DT
La'Roi Glover,87,Team,Unknown,DT
La'Roi Glover,87,Team,Unknown,DT
La'Roi Glover,87,Team,Unknown,DT
La'Roi Glover,87,Team,Unknown,DT
La'Roi Glover,87,Team,Unknown,DT
La'Roi Glover,87,Team,Unknown,DT
La'Roi Glover,87,Team,Unknown,DT
La'Roi Glover,87,Team,Unknown,DT
La'Roi Glover,87,Team,Unknown,DT
La'Roi Glover,87,Team,Unknown,DT
La'Roi Glover,87,Team,Unknown,DT
La'Roi Glover,87,Team,Unknown,DT
George Kittle,87,Core Elite,58800.0,TE
La'Roi Glover,87,Team,Unknown,DT
La'Roi Glover,87,Team,Unknown,DT
La'Roi Glover,87,Team,Unknown,DT
La'Roi Glover,87,Team,Unknown,DT
La'Roi Glover,87,Team,Unknown,DT
Eddie George,87,Team,Unknown,HB
Eddie George,87,Team,Unknown,HB
Eddie George,87,Team,Unknown,HB
Eddie George,87,Team,Unknown,HB
Eddie George,87,Team,Unknown,HB
Eddie George,87,Team,Unknown,HB
Eddie George,87,Team,Unknown,HB
Eddie George,87,Team,Unknown,HB
Eddie George,87,Team,Unknown,HB
Eddie George,87,Team,Unknown,HB
Eddie George,87,Team,Unknown,HB
Eddie George,87,Team,Unknown,HB
Eddie George,87,Team,Unknown,HB
Eddie George,87,Team,Unknown,HB
Eddie George,87,Team,Unknown,HB
Eddie George,87,Team,Unknown,HB
Eddie George,87,Team,Unknown,HB
Eddie George,87,Team,Unknown,HB
Eddie George,87,Team,Unknown,HB
Eddie George,87,Team,Unknown,HB
Eddie George,87,Team,Unknown,HB
Eddie George,87,Team,Unknown,HB
Eddie George,87,Team,Unknown,HB
Eddie George,87,Team,Unknown,HB
Eddie George,87,Team,Unknown,HB
Eddie George,87,Team,Unknown,HB
Eddie George,87,Team,Unknown,HB
Eddie George,87,Team,Unknown,HB
Eddie George,87,Team,Unknown,HB
Eddie George,87,Team,Unknown,HB
Eddie George,87,Team,Unknown,HB
Khalil Mack,87,Core Elite,57100.0,LOLB
Eddie George,87,Team,Unknown,HB
Ed McCaffrey,87,Team,Unknown,WR
Ed McCaffrey,87,Team,Unknown,WR
Ed McCaffrey,87,Team,Unknown,WR
Ed McCaffrey,87,Team,Unknown,WR
Ed McCaffrey,87,Team,Unknown,WR
Ed McCaffrey,87,Team,Unknown,WR
Johnny Hekker,87,Core Elite,51400.0,P
Ed McCaffrey,87,Team,Unknown,WR
Ed McCaffrey,87,Team,Unknown,WR
Ed McCaffrey,87,Team,Unknown,WR
Ed McCaffrey,87,Team,Unknown,WR
Ed McCaffrey,87,Team,Unknown,WR
Ed McCaffrey,87,Team,Unknown,WR
Ed McCaffrey,87,Team,Unknown,WR
Ed McCaffrey,87,Team,Unknown,WR
Mitchell Schwartz,87,Core Elite,53600.0,RT
Ed McCaffrey,87,Team,Unknown,WR
Ed McCaffrey,87,Team,Unknown,WR
Ed McCaffrey,87,Team,Unknown,WR
Ed McCaffrey,87,Team,Unknown,WR
Ed McCaffrey,87,Team,Unknown,WR
Ed McCaffrey,87,Team,Unknown,WR
Fletcher Cox,87,Core Elite,50800.0,DT
Ed McCaffrey,87,Team,Unknown,WR
Ed McCaffrey,87,Team,Unknown,WR
Ed McCaffrey,87,Team,Unknown,WR
Ed McCaffrey,87,Team,Unknown,WR
Ed McCaffrey,87,Team,Unknown,WR
Ed McCaffrey,87,Team,Unknown,WR
Russell Wilson,87,Core Elite,55500.0,QB
Ed McCaffrey,87,Team,Unknown,WR
Ed McCaffrey,87,Team,Unknown,WR
Ed McCaffrey,87,Team,Unknown,WR
Ed McCaffrey,87,Team,Unknown,WR
Ed McCaffrey,87,Team,Unknown,WR
Ed McCaffrey,87,Team,Unknown,WR
J.J. Watt,87,Core Elite,54400.0,LE
Joe Thomas,87,Legends,49400.0,LT
Jerry Rice,87,Legends,49900.0,WR
Merlin Olsen,87,Legends,50100.0,DT
Bobby Bell,87,Legends,49900.0,LOLB
Jerome Bettis,87,Legends,52300.0,HB
Steve Atwater,87,Legends,49400.0,FS
Joe Thuney,86,Superstar MVPs,49300.0,LG
DeForest Buckner,86,Superstar MVPs,51100.0,DT
Terron Armstead,86,Core Elite,44000.0,LT
Bo Jackson,86,Legends,40300.0,HB
Calais Campbell,86,Core Elite,45100.0,RE
Junior Seau,86,Legends,43600.0,MLB
Sam Koch,86,Core Elite,44300.0,P
Charles Johnson,86,Team Diamonds,50400.0,LE
Joe Thuney,86,Superstar,Unknown,LG
DeForest Buckner,86,Superstar,Unknown,DT
David Diehl,86,Team Diamonds,48900.0,LG
London Fletcher,86,Team Diamonds,50400.0,MLB
Tre'Davious White,86,Superstar,Unknown,CB
Mo Lewis,86,Team Diamonds,47900.0,LOLB
Keenan McCardell,86,Team Diamonds,45900.0,WR
Chris Jones,86,Core Elite,45500.0,DT
Amobi Okoye,86,Team Diamonds,48400.0,DT
Tyler Lockett,86,Superstar,Unknown,WR
Mark Clayton,86,Team Diamonds,46600.0,WR
Takeo Spikes,86,Team Diamonds,50300.0,MLB
Nick Chubb,86,Core Elite,39900.0,HB
Lamar Jackson,86,Core Elite,52600.0,QB
Quenton Nelson,86,Core Elite,47900.0,LG
Tony Gonzalez,86,Legends,40800.0,TE
John Lynch,86,Legends,39900.0,FS
Stephon Gilmore,86,Team of the Week,54300.0,CB
Russell Wilson,86,Team of the Week,50800.0,QB
Ryan Ramczyk,86,Core Elite,45100.0,RT
Rickey Jackson,86,Legends,43900.0,LOLB
Steve Smith Sr,86,Legends,44600.0,WR
Tre'Davious White,86,Superstar MVPs,47900.0,CB
Tyler Lockett,86,Superstar MVPs,49100.0,WR
Reggie Wayne,86,Legends,41100.0,WR
Lawrence Taylor,86,Legends,42100.0,ROLB
Justin Tucker,86,Core Elite,45100.0,K
Brandon Brooks,86,Core Elite,45300.0,RG
Harrison Smith,86,Core Elite,45700.0,SS
Xavier McKinney,86,Rookie,Unknown,FS
Khalil Mack,86,Team of the Week,51100.0,LOLB
Christian McCaffrey,86,Team of the Week,51600.0,HB
Lavonte David,86,Core Elite,45000.0,MLB
Tristan Wirfs,86,Rookie,Unknown,RT
CeeDee Lamb,86,Rookie,Unknown,WR
Xavier McKinney,86,Team Builders,53100.0,FS
Davante Adams,86,Core Elite,45300.0,WR
Kenneth Murray Jr,86,Team Builders,52000.0,ROLB
Richard Sherman,86,Core Elite,40400.0,CB
Tristan Wirfs,86,Team Builders,50300.0,RT
CeeDee Lamb,86,Team Builders,48400.0,WR
Maxx Crosby,86,Team Builders,50600.0,LE
Von Miller,86,Core Elite,41300.0,LOLB
Christian Wilkins,86,Team Builders,49900.0,DT
Dawson Knox,86,Team Builders,48900.0,TE
Jimmy Moreland,86,Team Builders,50000.0,CB
Erik McCoy,86,Team Builders,48500.0,C
Cameron Jordan,86,Core Elite,45000.0,LE
Taylor Decker,86,Team Builders,45100.0,LT
Jared Goff,86,Team Builders,48900.0,QB
Richard Seymour,86,Legends,46100.0,RE
Folorunso Fatukasi,86,Team Builders,45300.0,DT
Poona Ford,86,Team Builders,53100.0,DT
Dan Marino,86,Legends,36600.0,QB
Sony Michel,86,Team Builders,49400.0,HB
Taven Bryan,86,Team Builders,42500.0,DT
Nathan Gerry,86,Team Builders,52100.0,LOLB
Rasul Douglas,86,Team Builders,48300.0,CB
Julio Jones,86,Core Elite,43000.0,WR
Larry Ogunjobi,86,Team Builders,49900.0,DT
Kevin King,86,Team Builders,49400.0,CB
Anthony Walker Jr,86,Team Builders,50900.0,MLB
Damontae Kazee,86,Team Builders,49900.0,FS
Mitchell Trubisky,86,Team Builders,49300.0,QB
DaQuan Jones,86,Team Builders,49800.0,DT
Kelechi Osemele,86,Team Builders,45100.0,LG
Riley Reiff,86,Team Builders,49000.0,LT
Lamar Jackson,86,M21,Unknown,QB
Bradley Roby,86,Team Builders,52600.0,CB
Willie Snead IV,86,Team Builders,50000.0,WR
Jaquiski Tartt,86,Team Builders,48900.0,SS
Bud Dupree,86,Team Builders,47000.0,ROLB
C.J. Uzomah,86,Team Builders,49100.0,TE
Shelby Harris,86,Team Builders,49600.0,DT
Devon Kennard,86,Team Builders,53400.0,ROLB
Josh Lambo,85,Core Elite,26900.0,K
Eric Kendricks,85,Core Elite,30000.0,MLB
Larry Allen,85,Legends,32500.0,LG
Grady Jarrett,85,Core Elite,28600.0,DT
Rod Woodson,85,Legends,28900.0,FS
Morten Andersen,85,Legends,33600.0,K
Adrian Peterson,85,NFL,Unknown,HB
Larry Fitzgerald,85,NFL,Unknown,WR
Ronnie Lott,85,NFL,Unknown,FS
Jack Youngblood,85,NFL,Unknown,LE
Michael Vick,85,Legends,31100.0,QB
Deion Sanders,85,Legends,30300.0,CB
Stefon Diggs,85,Core Elite,26400.0,WR
Tress Way,85,Core Elite,28000.0,P
Frank Ragnow,85,Superstar MVPs,34400.0,C
Minkah Fitzpatrick,85,Superstar MVPs,37100.0,FS
Travis Kelce,85,Core Elite,30000.0,TE
Mean Joe Greene,85,Legends,28400.0,DT
Kevin Mawae,85,Legends,28200.0,C
Mike McGlinchey,85,Superstar,Unknown,RT
Frank Ragnow,85,Superstar,Unknown,C
Minkah Fitzpatrick,85,Superstar,Unknown,FS
Preston Smith,85,Superstar,Unknown,ROLB
Ezekiel Elliott,85,Core Elite,31600.0,HB
Ronnie Stanley,85,Core Elite,27100.0,LT
Jalen Ramsey,85,Core Elite,29400.0,CB
Malcolm Jenkins,85,Ultimate Kickoff,29600.0,SS
Robby Anderson,85,Ultimate Kickoff,35900.0,WR
Drew Brees,85,Core Elite,26900.0,QB
Philip Rivers,85,Ultimate Kickoff,25300.0,QB
Robert Quinn,85,Ultimate Kickoff,26500.0,ROLB
Everson Griffen,85,Ultimate Kickoff,27000.0,RE
Melvin Gordon III,85,Ultimate Kickoff,27600.0,HB
Jamie Collins,85,Ultimate Kickoff,28100.0,LOLB
Rickey Jackson,85,Legends,28400.0,LOLB
Steve Smith Sr,85,Legends,28100.0,WR
Myles Garrett,85,Core Elite,35000.0,RE
Mike McGlinchey,85,Superstar MVPs,35500.0,RT
Preston Smith,85,Superstar MVPs,27100.0,ROLB
Tyrann Mathieu,85,Core Elite,29900.0,SS
Demario Davis,85,Core Elite,28500.0,ROLB
Chandler Jones,85,Core Elite,24800.0,LOLB
David DeCastro,85,Core Elite,33000.0,RG
Mike Evans,85,Core Elite,27300.0,WR
Joe Thomas,85,Legends,29000.0,LT
Jerry Rice,85,Legends,27400.0,WR
Jason Kelce,85,Core Elite,29900.0,C
Rodney Hudson,85,Core Elite,28400.0,C
Merlin Olsen,85,Legends,29600.0,DT
Jaylon Smith,85,|,Unknown,MLB
Bobby Bell,85,Legends,27000.0,LOLB
Ben Roethlisberger,85,|,Unknown,QB
Jerome Bettis,85,Legends,28900.0,HB
Zach Ertz,85,|,Unknown,TE
Steve Atwater,85,Legends,26600.0,FS
Tony Romo,85,M21,Unknown,QB
Devin McCourty,85,Core Elite,26800.0,FS
Trent Williams,84,Core Elite,22100.0,LT
Rob Gronkowski,84,Core Elite,22500.0,TE
Za'Darius Smith,84,Core Elite,21500.0,LOLB
Michael Vick,84,Legends,23100.0,QB
Deion Sanders,84,Legends,23000.0,CB
Jeremy Chinn,84,Team Builders,25000.0,SS
Javon Kinlaw,84,Team Builders,35800.0,DT
Michael Pittman Jr,84,Team Builders,24900.0,WR
Grant Delpit,84,Team Builders,29000.0,FS
Antoine Winfield Jr,84,Team Builders,31400.0,FS
A.J. Terrell,84,Team Builders,25400.0,CB
Jedrick Wills Jr,84,Team Builders,34600.0,LT
Amari Cooper,84,Core Elite,21000.0,WR
Austin Jackson,84,Team Builders,32000.0,LT
Justin Jefferson,84,Team Builders,30800.0,WR
Jerry Jeudy,84,Team Builders,30600.0,WR
D'Andre Swift,84,Team Builders,29500.0,HB
Cam Akers,84,Team Builders,28500.0,HB
Cole Holcomb,84,Team Builders,28200.0,LOLB
David Montgomery,84,Team Builders,42600.0,HB
Daniel Jones,84,Team Builders,28100.0,QB
Chris Lindstrom,84,Team Builders,34600.0,RG
Andre Dillard,84,Team Builders,38300.0,LT
Brandon Shell,84,Team Builders,39900.0,RT
Kyle Juszczyk,84,Core Elite,39100.0,FB
Nick Martin,84,Team Builders,27400.0,C
Dean Lowry,84,Team Builders,37400.0,LE
Tom Brady,84,Core Elite,20600.0,QB
Jordan Jenkins,84,Team Builders,18300.0,ROLB
A'Shawn Robinson,84,Team Builders,28900.0,DT
Jason Witten,84,Team Builders,47400.0,TE
Alexander Johnson,84,Team Builders,32600.0,MLB
Terrell Edmunds,84,Team Builders,24900.0,SS
Lane Johnson,84,Core Elite,23000.0,RT
Ronnie Harrison,84,Team Builders,35300.0,SS
Tre'Quan Smith,84,Team Builders,33100.0,WR
Mike Hughes,84,Team Builders,31700.0,CB
Bradley Bozeman,84,Team Builders,37300.0,LG
Sam Darnold,84,Team Builders,34300.0,QB
Kendrick Bourne,84,Team Builders,40600.0,WR
Kenny Moore II,84,Team Builders,26000.0,CB
Adam Butler,84,Team Builders,27300.0,DT
Xavier Woods,84,Team Builders,33100.0,FS
Blake Jarwin,84,Team Builders,33100.0,TE
Chase Roullier,84,Team Builders,24400.0,C
Davon Godchaux,84,Team Builders,33100.0,DT
Jonnu Smith,84,Team Builders,32400.0,TE
Bo Jackson,84,Legends,21400.0,HB
Tyus Bowser,84,Team Builders,37000.0,LOLB
Brett Kern,84,Core Elite,19500.0,P
Junior Seau,84,Legends,22000.0,MLB
Gareon Conley,84,Team Builders,28200.0,CB
Jarrad Davis,84,Team Builders,31800.0,MLB
Forrest Lamp,84,Team Builders,29900.0,LG
Matt Feiler,84,Team Builders,39900.0,RT
Marqise Lee,84,Team Builders,27900.0,WR
A.J. Klein,84,Team Builders,29600.0,ROLB
Tashaun Gipson Sr,84,Team Builders,40300.0,SS
Mean Joe Greene,84,Legends,21400.0,DT
Bruce Irvin,84,Team Builders,39100.0,LOLB
Kevin Mawae,84,Legends,20900.0,C
Teddy Bridgewater,84,Team Builders,32100.0,QB
Corey Peters,84,Team Builders,30900.0,DT
Richie Incognito,84,Core Elite,21500.0,LG
Trey Hopkins,84,Team Builders,27200.0,C
Austin Reiter,84,Team Builders,26400.0,C
Jon Feliciano,84,Team Builders,31600.0,RG
Trae Waynes,84,Team Builders,27100.0,CB
Denzel Perryman,84,Team Builders,28300.0,MLB
Markus Golden,84,Team Builders,38600.0,LOLB
Thomas Morstead,84,Core Elite,21100.0,P
Vic Beasley Jr,84,Team Builders,31400.0,LOLB
Donovan Smith,84,Team Builders,34200.0,LT
A.J. Cann,84,Team Builders,33100.0,RG
D.J. Humphries,84,Team Builders,29900.0,LT
Corey Linsley,84,Team Builders,35400.0,C
Nevin Lawson,84,Team Builders,44400.0,CB
Anthony Hitchens,84,Team Builders,34300.0,MLB
Kevin Byard,84,Core Elite,19800.0,FS
Kiko Alonso,84,Team Builders,29900.0,LOLB
Kenny Clark,84,Core Elite,19900.0,DT
Joey Bosa,84,Core Elite,22300.0,LE
Harrison Butker,84,Core Elite,21900.0,K
Tony Gonzalez,84,Legends,20400.0,TE
John Lynch,84,Legends,20300.0,SS
Marlon Humphrey,84,Core Elite,22600.0,CB
Rickey Jackson,84,Legends,22400.0,LOLB
Steve Smith Sr,84,Legends,22300.0,WR
Jamal Adams,84,Core Elite,21400.0,SS
Dalvin Cook,84,Core Elite,23100.0,HB
Reggie Wayne,84,Legends,20000.0,WR
Lawrence Taylor,84,Legends,20000.0,ROLB
Troy Reeder,84,Team of the Week,26100.0,MLB
Deshaun Watson,84,Team of the Week,26900.0,QB
Casey Hayward Jr,84,Core Elite,20400.0,CB
Dont'a Hightower,84,Core Elite,23300.0,MLB
Chris Harris Jr,84,Core Elite,18400.0,CB
Odell Beckham Jr,84,Core Elite,22900.0,WR
Richard Seymour,84,Legends,20000.0,RE
Dan Marino,84,Legends,20300.0,QB
Shaquil Barrett,83,Core Elite,13400.0,ROLB
Trent Brown,83,Core Elite,13300.0,RT
Byron Jones,83,Core Elite,14800.0,CB
Larry Allen,83,Legends,17600.0,RG
Rod Woodson,83,Legends,13100.0,CB
Morten Andersen,83,Legends,17900.0,K
Danielle Hunter,83,Core Elite,15600.0,LE
Michael Vick,83,Legends,14400.0,QB
Deion Sanders,83,Legends,15000.0,CB
Ali Marpet,83,Core Elite,15400.0,LG
La'el Collins,83,Core Elite,12700.0,RT
Brandon Scherff,83,Core Elite,17600.0,RG
Adam Thielen,83,Core Elite,14600.0,WR
Chris Boswell,83,Core Elite,17500.0,K
Xavier Rhodes,83,Team of the Week,28500.0,CB
Derrick Henry,83,Team of the Week,26600.0,HB
Darius Slay Jr,83,Core Elite,13500.0,CB
Keenan Allen,83,Core Elite,13900.0,WR
Bo Jackson,83,Legends,18000.0,HB
Junior Seau,83,Legends,13200.0,MLB
Mean Joe Greene,83,Legends,14900.0,DT
Kevin Mawae,83,Legends,15000.0,C
Robbie Gould,83,Core Elite,13100.0,K
Aaron Rodgers,83,Core Elite,15000.0,QB
Nick Bosa,83,Core Elite,13500.0,RE
Alex Mack,83,Core Elite,14900.0,C
Justin Simmons,83,Core Elite,13900.0,FS
Kendall Fuller,83,Team of the Week,28100.0,FS
George Kittle,83,Team of the Week,29400.0,TE
Deion Jones,83,Core Elite,14200.0,MLB
Austin Hooper,83,Core Elite,12100.0,TE
Chase Young,83,Ultimate Kickoff,17400.0,RE
DeForest Buckner,83,Core Elite,13700.0,DT
Emmanuel Ogbah,83,Ultimate Kickoff,14300.0,LE
Fred Warner,83,Core Elite,15100.0,MLB
Javon Hargrave,83,Ultimate Kickoff,13600.0,DT
Jack Conklin,83,Ultimate Kickoff,14000.0,RT
Vonn Bell,83,Ultimate Kickoff,12800.0,SS
Leonard Floyd,83,Ultimate Kickoff,12900.0,LOLB
Cory Littleton,83,Ultimate Kickoff,13800.0,MLB
Eric Ebron,83,Ultimate Kickoff,12900.0,TE
Cam Newton,83,Ultimate Kickoff,15100.0,QB
Derwin James Jr,83,Core Elite,18900.0,SS
Tyler Eifert,83,Ultimate Kickoff,14600.0,TE
Tony Gonzalez,83,Legends,15100.0,TE
John Lynch,83,Legends,14500.0,FS
Aaron Jones,83,Core Elite,14100.0,HB
Joe Mixon,83,Core Elite,15600.0,HB
Chris Godwin,83,Core Elite,14900.0,WR
T.J. Watt,83,Core Elite,16000.0,LOLB
Tre'Davious White,83,Core Elite,13200.0,CB
Michael Pierce,83,Core Elite,14700.0,DT
Allen Robinson II,83,Core Elite,12400.0,WR
Reggie Wayne,83,Legends,14800.0,WR
Lawrence Taylor,83,Legends,22000.0,ROLB
Chase Young,83,Rookie,Unknown,RE
Richard Seymour,83,Legends,14900.0,DT
Dan Marino,83,Legends,13400.0,QB
Joe Thomas,83,Legends,13500.0,LT
Jerry Rice,83,Legends,12900.0,WR
Merlin Olsen,83,Legends,15000.0,DT
Bobby Bell,83,Legends,14900.0,LOLB
Cameron Heyward,83,Core Elite,15000.0,RE
Jerome Bettis,83,Legends,14000.0,HB
Steve Atwater,83,Legends,14900.0,FS
Tyron Smith,83,Core Elite,13400.0,LT
Earl Thomas III,83,Core Elite,12500.0,FS
Bobby Wagner,82,M21,Unknown,MLB
Harrison Smith,82,M21,Unknown,SS
Bryan Bulaga,82,Core Elite,10600.0,RT
Stephon Gilmore,82,M21,Unknown,CB
Shannon Sharpe,82,M21,Unknown,TE
Emmanuel Sanders,82,Core Elite,10900.0,WR
Ray Lewis,82,M21,Unknown,MLB
Ed Reed,82,M21,Unknown,SS
Chandler Jones,82,M21,Unknown,LOLB
Mike Evans,82,M21,Unknown,WR
Aaron Donald,82,M21,Unknown,RE
Davante Adams,82,M21,Unknown,WR
Von Miller,82,M21,Unknown,LOLB
Cameron Heyward,82,M21,Unknown,RE
J.J. Watt,82,M21,Unknown,LE
Larry Allen,82,Legends,13300.0,LG
Rodney Hudson,82,M21,Unknown,C
Adrian Amos,82,Core Elite,12400.0,SS
Rod Woodson,82,Legends,12900.0,FS
Geno Atkins,82,M21,Unknown,DT
Morten Andersen,82,Legends,17400.0,K
Byron Jones,82,M21,Unknown,CB
Marcus Peters,82,Core Elite,12700.0,CB
Grady Jarrett,82,M21,Unknown,DT
Trey Flowers,82,M21,Unknown,RE
Brandon Scherff,82,M21,Unknown,RG
Brandon Linder,82,M21,Unknown,C
Zach Ertz,82,M21,Unknown,TE
Le'Veon Bell,82,M21,Unknown,HB
Preston Smith,82,Core Elite,14100.0,ROLB
Shaq Mason,82,Core Elite,12000.0,RG
Kyler Murray,82,Superstar MVPs,13400.0,QB
Tyler Lockett,82,Core Elite,12900.0,WR
Alec Ingold,82,Superstar MVPs,22900.0,FB
James Bradberry IV,82,Superstar MVPs,10400.0,CB
Brandon Linder,82,Core Elite,12000.0,C
Jonathan Allen,82,Superstar MVPs,11800.0,DT
Kawann Short,82,Core Elite,12100.0,DT
Zach Ertz,82,Core Elite,10700.0,TE
Robert Woods,82,Core Elite,10300.0,WR
Bo Jackson,82,Legends,15000.0,HB
Junior Seau,82,Legends,13300.0,MLB
Matt Prater,82,Core Elite,13100.0,K
Andrew Whitworth,82,Core Elite,10700.0,LT
Jeffery Simmons Jr,82,Superstar,Unknown,LE
Miles Sanders,82,Superstar,Unknown,HB
Kyler Murray,82,Superstar,Unknown,QB
Josh Jacobs,82,Core Elite,10700.0,HB
James Bradberry IV,82,Superstar,Unknown,CB
Joe Thuney,82,Core Elite,13400.0,LG
Joe Schobert,82,Core Elite,10600.0,MLB
Takkarist McKinley,82,Superstar,Unknown,RE
Jonathan Allen,82,Superstar,Unknown,DT
Russell Okung,82,Superstar,Unknown,LT
Dak Prescott,82,Core Elite,12100.0,QB
Darius Leonard,82,Core Elite,11000.0,LOLB
Jaire Alexander,82,Core Elite,10300.0,CB
Vita Vea,82,Core Elite,13400.0,DT
Saquon Barkley,82,Core Elite,13400.0,HB
Minkah Fitzpatrick,82,Core Elite,11100.0,FS
Tony Gonzalez,82,Legends,13200.0,TE
Patrick Ricard,82,Core Elite,18100.0,FB
John Lynch,82,Legends,13900.0,SS
Chris Carson,82,Core Elite,11100.0,HB
Kenny Golladay,82,Core Elite,11200.0,WR
Eddie Jackson,82,Core Elite,11300.0,FS
Desmond King II,82,Core Elite,11200.0,CB
Brett Favre,82,The 50,18200.0,QB
Dominique Rodgers-Cromartie,82,The 50,20000.0,CB
Steve Hutchinson,82,The 50,19900.0,LG
Deshaun Watson,82,Core Elite,13300.0,QB
Chris Jones,82,Team of the Week,28300.0,DT
Cooper Kupp,82,Core Elite,11100.0,WR
Adam Thielen,82,Team of the Week,27400.0,WR
Jeffery Simmons Jr,82,Superstar MVPs,10700.0,LE
Marshon Lattimore,82,Core Elite,10000.0,CB
Miles Sanders,82,Superstar MVPs,10700.0,HB
Kyle Van Noy,82,Core Elite,11100.0,LOLB
Takkarist McKinley,82,Superstar MVPs,10800.0,RE
Stephon Tuitt,82,Core Elite,12400.0,LE
Reggie Wayne,82,Legends,12300.0,WR
Lawrence Taylor,82,Legends,19100.0,ROLB
C.J. Mosley,82,Core Elite,10400.0,MLB
Russell Okung,82,Superstar MVPs,12900.0,LT
Micah Hyde,82,Core Elite,12000.0,FS
Marlon Humphrey,82,Team of the Week,27400.0,CB
Aaron Jones,82,Team of the Week,27100.0,HB
Melvin Ingram III,82,Core Elite,11000.0,RE
T.Y. Hilton,82,Core Elite,11000.0,WR
Richard Seymour,82,Legends,12900.0,RE
Dan Marino,82,Legends,11300.0,QB
DeMarcus Lawrence,82,Core Elite,11600.0,LE
Chris Jones,82,Core Elite,10900.0,P
Joe Thomas,82,Legends,10400.0,LT
Jerry Rice,82,Legends,13300.0,WR
Merlin Olsen,82,Legends,11700.0,DT
Joel Bitonio,82,Core Elite,11200.0,LG
Bobby Bell,82,Legends,13400.0,LOLB
Jerome Bettis,82,Legends,13100.0,HB
Steve Atwater,82,Legends,12700.0,FS
Patrick Peterson,82,Core Elite,12300.0,CB
Anthony Castonzo,82,Core Elite,11500.0,LT
Derrick Henry,82,M21,Unknown,HB
A.J. Green,82,Core Elite,12100.0,WR
Ezekiel Elliott,82,M21,Unknown,HB
Ronnie Stanley,82,M21,Unknown,LT
Joey Bosa,82,M21,Unknown,LE
Mark Ingram II,82,Core Elite,11300.0,HB
Drew Brees,82,M21,Unknown,QB
Kareem Jackson,82,Core Elite,10500.0,SS
Nick Chubb,82,M21,Unknown,HB
Saquon Barkley,82,M21,Unknown,HB
Quenton Nelson,82,M21,Unknown,LG
Geno Atkins,82,Core Elite,19600.0,DT
George Kittle,82,M21,Unknown,TE
Patrick Mahomes,82,M21,Unknown,QB
Christian McCaffrey,82,M21,Unknown,HB
Khalil Mack,82,M21,Unknown,LOLB
Maurkice Pouncey,82,Core Elite,12300.0,C
Micah Hyde,82,M21,Unknown,FS
Nnamdi Asomugha,81,The 50,16300.0,CB
Brian Dawkins,81,The 50,15400.0,FS
Walter Jones,81,The 50,14900.0,LT
Reggie White,81,The 50,14800.0,LE
Derrick Brooks,81,The 50,16300.0,ROLB
Jimmy Graham,81,The 50,15900.0,TE
Tyrone Calico,81,The 50,16600.0,WR
Raheem Mostert,81,Core Elite,8700.0,HB
David Andrews,81,Core Elite,8700.0,C
Larry Allen,81,Legends,12600.0,RG
Rod Woodson,81,Legends,13700.0,CB
Morten Andersen,81,Legends,24500.0,K
Trey Flowers,81,Core Elite,6900.0,RE
Arik Armstead,81,Core Elite,7100.0,LE
Darren Waller,81,Core Elite,9900.0,TE
DeVante Parker,81,Core Elite,8400.0,WR
Todd Gurley II,81,Core Elite,8100.0,HB
Uchenna Nwosu,81,Superstar MVPs,7200.0,LOLB
Desmond Trufant,81,Core Elite,7000.0,CB
Mark Glowinski,81,Superstar MVPs,9900.0,RG
David Johnson,81,Superstar MVPs,7100.0,HB
Jamie Collins,81,Core Elite,7800.0,LOLB
Kenny Vaccaro,81,Superstar MVPs,8200.0,SS
Brandon Williams,81,Core Elite,9000.0,DT
Le'Veon Bell,81,Core Elite,16900.0,HB
Vincent Jackson,81,The 50,15600.0,WR
Ryan Shazier,81,The 50,14600.0,MLB
Jason McCourty,81,Core Elite,7400.0,CB
Taylor Mays,81,The 50,15600.0,SS
Julian Edelman,81,Core Elite,7000.0,WR
Matt Ryan,81,Core Elite,8300.0,QB
Mason Crosby,81,Core Elite,7800.0,K
Andy Lee,81,Core Elite,9100.0,P
Mack Wilson,81,Superstar,Unknown,ROLB
Jamie Gillan,81,Core Elite,8900.0,P
Malcolm Jenkins,81,Core Elite,6900.0,SS
Uchenna Nwosu,81,Superstar,Unknown,LOLB
D.J. Reader,81,Core Elite,7100.0,DT
Matthew Judon,81,Core Elite,7500.0,LOLB
C.J. Ham,81,Superstar,Unknown,FB
Keanu Neal,81,Core Elite,7200.0,SS
Mike Williams,81,Superstar,Unknown,WR
Ryan Kelly,81,Core Elite,7900.0,C
Kendall Fuller,81,Core Elite,7100.0,FS
Mark Glowinski,81,Superstar,Unknown,RG
David Johnson,81,Superstar,Unknown,HB
Kenny Vaccaro,81,Superstar,Unknown,SS
Jordyn Brooks,81,Ultimate Kickoff,7400.0,MLB
Jeff Gladney,81,Ultimate Kickoff,7000.0,CB
Brandon Aiyuk,81,Ultimate Kickoff,8200.0,WR
Justin Herbert,81,Ultimate Kickoff,8900.0,QB
Patrick Queen,81,Ultimate Kickoff,8100.0,MLB
Jaylon Smith,81,Core Elite,7500.0,MLB
Ross Blacklock,81,Ultimate Kickoff,7100.0,RE
Laremy Tunsil,81,Core Elite,7300.0,LT
Isaiah Wilson,81,Ultimate Kickoff,8500.0,RT
Andrew Thomas,81,Ultimate Kickoff,6800.0,LT
Clyde Edwards-Helaire,81,Ultimate Kickoff,7200.0,HB
Ben Roethlisberger,81,Core Elite,7600.0,QB
LeSean McCoy,81,Ultimate Kickoff,6900.0,HB
A.J. Bouye,81,Core Elite,6900.0,CB
De'Vondre Campbell,81,Ultimate Kickoff,6900.0,MLB
Michael Dickson,81,Core Elite,29400.0,P
Hayden Hurst,81,Ultimate Kickoff,7700.0,TE
George Fant,81,Ultimate Kickoff,7500.0,RT
Tremaine Edmunds,81,Core Elite,7100.0,MLB
Mario Addison,81,Ultimate Kickoff,7100.0,RE
Mike McGlinchey,81,Core Elite,7900.0,RT
Frank Ragnow,81,Core Elite,6900.0,C
Denzel Ward,81,Core Elite,9900.0,CB
Christian Kirksey,81,Ultimate Kickoff,7000.0,MLB
Aldrick Rosas,81,Core Elite,6900.0,K
Shaquill Griffin,81,Core Elite,9500.0,CB
Marcus Williams,81,Core Elite,7900.0,FS
Adoree' Jackson,81,Core Elite,7600.0,CB
Devin Bush,81,Superstar MVPs,8000.0,MLB
Mack Wilson,81,Superstar MVPs,7300.0,ROLB
C.J. Ham,81,Superstar MVPs,11900.0,FB
Mike Williams,81,Superstar MVPs,7400.0,WR
Jarvis Landry,81,Core Elite,7900.0,WR
Greg Zuerlein,81,Core Elite,8000.0,K
Akiem Hicks,81,Core Elite,7400.0,LE
Kevin Zeitler,81,Core Elite,12800.0,RG
Clyde Edwards-Helaire,81,Rookie,Unknown,HB
Joe Thomas,81,Legends,13400.0,LT
Marvin Jones Jr,81,Core Elite,7100.0,WR
Jerry Rice,81,Legends,12400.0,WR
Merlin Olsen,81,Legends,11800.0,DT
Bobby Bell,81,Legends,11800.0,LOLB
Jerome Bettis,81,Legends,13300.0,HB
Steve Atwater,81,Legends,11600.0,FS
Dee Ford,81,Core Elite,8000.0,LE
Brandin Cooks,81,Core Elite,11000.0,WR
Jurrell Casey,81,Core Elite,6800.0,RE
Robert Quinn,81,Core Elite,8300.0,ROLB
Joe Haden,81,Core Elite,7500.0,CB
Gerald McCoy,81,Core Elite,9400.0,DT
Ndamukong Suh,81,Core Elite,8100.0,RE
Rodger Saffold III,81,Core Elite,7800.0,LG
Reggie Bush,81,The 50,15200.0,HB
Golden Tate III,80,Core Elite,7100.0,WR
Anthony Harris,80,Core Elite,6600.0,FS
Justin Coleman,80,Core Elite,6700.0,CB
Jason Myers,80,Core Elite,6900.0,K
Frank Clark,80,Core Elite,6700.0,RE
Eddie Goldman,80,Core Elite,6700.0,DT
Garrett Bradbury,80,Superstar MVPs,8100.0,C
Brian Poole,80,Superstar MVPs,6800.0,CB
Melvin Gordon III,80,Core Elite,6900.0,HB
Damien Williams,80,Core Elite,6500.0,HB
Andrew Norwell,80,Core Elite,7000.0,LG
Mike Gesicki,80,Superstar MVPs,7500.0,TE
Avery Williamson,80,Core Elite,6700.0,MLB
Marcus Davenport,80,Superstar MVPs,7800.0,RE
Graham Gano,80,Core Elite,6800.0,K
Duane Brown,80,Core Elite,7500.0,LT
Joey Slye,80,Core Elite,6200.0,K
Garrett Bradbury,80,Superstar,Unknown,C
Gardner Minshew II,80,Superstar,Unknown,QB
Brian Poole,80,Superstar,Unknown,CB
Matthew Stafford,80,Core Elite,7000.0,QB
Alex Lewis,80,Superstar,Unknown,LG
Jessie Bates III,80,Superstar,Unknown,FS
Matthew Ioannidis,80,Core Elite,6200.0,DT
Yannick Ngakoue,80,Core Elite,6600.0,RE
Marcus Davenport,80,Superstar,Unknown,RE
Jonathan Jones,80,Core Elite,6300.0,CB
Xavien Howard,80,Core Elite,6300.0,CB
Jordan Hicks,80,Superstar,Unknown,MLB
Hunter Henry,80,Core Elite,7800.0,TE
Tyler Boyd,80,Core Elite,6700.0,WR
Myles Jack,80,Core Elite,6900.0,ROLB
JK Scott,80,Core Elite,6600.0,P
D.J. Moore,80,Core Elite,6900.0,WR
Harold Landry III,80,Core Elite,6700.0,ROLB
Donte Jackson,80,Core Elite,6500.0,CB
Justin Reid,80,Core Elite,6700.0,FS
Leighton Vander Esch,80,Core Elite,6900.0,LOLB
Courtland Sutton,80,Core Elite,6300.0,WR
Orlando Brown Jr,80,Core Elite,7000.0,RT
Roquan Smith,80,Core Elite,6300.0,MLB
Bradley Chubb,80,Core Elite,6900.0,ROLB
John Johnson III,80,Core Elite,6200.0,SS
JuJu Smith-Schuster,80,Core Elite,6500.0,WR
Alvin Kamara,80,Core Elite,7300.0,HB
Budda Baker,80,Core Elite,6400.0,FS
Leonard Fournette,80,Core Elite,6400.0,HB
Gardner Minshew II,80,Superstar MVPs,7000.0,QB
Alex Lewis,80,Superstar MVPs,6900.0,LG
Jessie Bates III,80,Superstar MVPs,6900.0,FS
Wil Lutz,80,Core Elite,6900.0,K
Michael Palardy,80,Core Elite,7000.0,P
Jordan Hicks,80,Superstar MVPs,6800.0,MLB
Ryan Jensen,80,Core Elite,6500.0,C
Jordan Poyer,80,Core Elite,7000.0,SS
Kyler Fackrell,80,Team of the Week,6600.0,ROLB
Travis Fulgham,80,Team of the Week,6200.0,WR
Michael Brockers,80,Core Elite,6400.0,LE
Kirk Cousins,80,Core Elite,6600.0,QB
Jimmy Garoppolo,80,Core Elite,6600.0,QB
Kyle Fuller,80,Core Elite,7000.0,CB
Jimmy Smith,80,Core Elite,6800.0,CB
Justin Houston,80,Core Elite,7000.0,RE
Ryan Kerrigan,80,Core Elite,6300.0,LE
Taylor Lewan,80,Core Elite,7100.0,LT
Anthony Sherman,80,Core Elite,9600.0,FB
Linval Joseph,80,Core Elite,7200.0,DT
Brandon Graham,80,Core Elite,6600.0,LE
Tyrell Williams,79,Core Gold,3000.0,WR
Jordan Berry,79,Core Gold,3900.0,P
Alejandro Villanueva,79,Core Gold,3200.0,LT
Austin Ekeler,79,Core Gold,3200.0,HB
Bryce Callahan,79,Core Gold,4100.0,CB
Patrick Chung,79,Core Gold,2600.0,SS
Jared Cook,79,Core Gold,2800.0,TE
Bradley Pinion,79,Core Gold,3100.0,P
Robby Anderson,79,Core Gold,8500.0,WR
Jaquiski Tartt,79,Core Gold,2800.0,SS
Landon Collins,79,Core Gold,4000.0,SS
Steven Nelson,79,Core Gold,2800.0,CB
Kwon Alexander,79,Core Gold,3600.0,LOLB
Matt Milano,79,Core Gold,3100.0,LOLB
Benardrick McKinney,79,Core Gold,3000.0,MLB
Deatrich Wise Jr,79,Team of the Week,6700.0,RE
Patrick Mahomes,79,Team of the Week,6700.0,QB
Dante Fowler Jr,79,Core Gold,3000.0,RE
Ka'imi Fairbairn,79,Core Gold,3100.0,K
James Conner,79,Core Gold,3000.0,HB
Mitch Morse,79,Core Gold,3800.0,C
Marlon Mack,79,Core Gold,3300.0,HB
Taylor Moton,79,Core Gold,3000.0,RT
Rob Havenstein,79,Core Gold,2900.0,RT
Kareem Hunt,79,Core Gold,2900.0,HB
Stephen Hauschka,79,Core Gold,2900.0,K
Britton Colquitt,79,Core Gold,3500.0,P
DeSean Jackson,79,Core Gold,3000.0,WR
Greg Olsen,79,Core Gold,3200.0,TE
Cody Whitehair,79,Core Gold,3000.0,C
Evan Engram,79,Core Gold,4000.0,TE
Chidobe Awuzie,79,Core Gold,3100.0,CB
Andy Janovich,79,Core Gold,7400.0,FB
Kenyan Drake,79,Core Gold,3000.0,HB
Alex Singleton,79,Team of the Week,6800.0,MLB
Will Fuller V,79,Core Gold,3200.0,WR
Tom Brady,79,Team of the Week,6900.0,QB
Sheldon Rankins,79,Core Gold,3600.0,DT
Carson Wentz,79,Core Gold,3500.0,QB
Philip Rivers,79,Core Gold,3000.0,QB
Malik Hooker,79,Core Gold,4100.0,FS
James White,79,Core Gold,3300.0,HB
Jimmie Ward,79,Core Gold,3400.0,FS
Matt Paradis,79,Core Gold,2700.0,C
Charles Leno Jr,79,Core Gold,3200.0,LT
Jake Matthews,79,Core Gold,3400.0,LT
JC Jackson,79,Core Gold,2800.0,CB
Latavius Murray,79,Core Gold,3600.0,HB
Sam Martin,79,Core Gold,3200.0,P
Phillip Lindsay,79,Core Gold,3000.0,HB
D.J. Fluker,79,Core Gold,3600.0,RG
Kenny Stills,79,Core Gold,2700.0,WR
Everson Griffen,79,Core Gold,3200.0,RE
Cole Beasley,79,Core Gold,2600.0,WR
Ron Leary,79,Core Gold,3000.0,RG
Olivier Vernon,79,Core Gold,3500.0,LE
D.J. Chark Jr,79,Core Gold,3200.0,WR
Derek Wolfe,79,Core Gold,3700.0,LE
Whitney Mercilus,79,Core Gold,3000.0,ROLB
Ryan Tannehill,79,Core Gold,5000.0,QB
Dan Bailey,79,Core Gold,3300.0,K
John Brown,79,Core Gold,3300.0,WR
A.J. Brown,79,Core Gold,3000.0,WR
Devin Singletary,79,Core Gold,2800.0,HB
K.J. Wright,79,Core Gold,4400.0,ROLB
Lawrence Guy,79,Core Gold,2900.0,RE
Rashaan Evans,79,Core Gold,3700.0,MLB
Braden Smith,79,Core Gold,2800.0,RT
Will Hernandez,79,Core Gold,3000.0,LG
Kyle Rudolph,79,Core Gold,3000.0,TE
Calvin Ridley,79,Core Gold,3600.0,WR
Terry McLaurin,79,Core Gold,2600.0,WR
Mark Andrews,79,Core Gold,12400.0,TE
Da'Ron Payne,79,Core Gold,3700.0,DT
Jerry Hughes,79,Core Gold,2800.0,RE
Carlos Dunlap,79,Core Gold,2700.0,LE
Nickell Robey-Coleman,79,Core Gold,3000.0,CB
Elgton Jenkins,79,Core Gold,4400.0,LG
Deebo Samuel,78,Core Gold,2800.0,WR
Quinton Spain,78,Core Gold,2700.0,LG
Matt Haack,78,Core Gold,3200.0,P
Matt Breida,78,Core Gold,3100.0,HB
Rigoberto Sanchez,78,Core Gold,3400.0,P
Jayon Brown,78,Core Gold,3000.0,MLB
Samson Ebukam,78,Core Gold,2700.0,ROLB
Damarious Randall,78,Core Gold,3200.0,FS
Zane Gonzalez,78,Core Gold,3000.0,K
Ronald Darby,78,Core Gold,2900.0,CB
Jake Elliott,78,Core Gold,3100.0,K
Tarik Cohen,78,Core Gold,3500.0,HB
Shaq Thompson,78,Core Gold,2800.0,MLB
James Bradberry IV,78,Core Gold,2900.0,CB
Danny Shelton,78,Core Gold,2600.0,DT
Bud Dupree,78,Core Gold,2800.0,ROLB
Jawaan Taylor,78,Superstar MVPs,2900.0,RT
Leonard Williams,78,Core Gold,2900.0,RE
Drew Lock,78,Superstar MVPs,2600.0,QB
Jamaal Williams,78,Core Gold,3100.0,HB
Bradley McDougald,78,Superstar MVPs,3000.0,SS
Carlton Davis III,78,Superstar MVPs,2700.0,CB
Dion Dawkins,78,Core Gold,3400.0,LT
Dede Westbrook,78,Core Gold,3000.0,WR
Andrus Peat,78,Core Gold,3200.0,LG
Adrian Peterson,78,Core Gold,16800.0,HB
Jamison Crowder,78,Core Gold,2700.0,WR
William Jackson III,78,Core Gold,3200.0,CB
Javon Hargrave,78,Core Gold,2600.0,DT
Jack Conklin,78,Core Gold,2800.0,RT
Vonn Bell,78,Core Gold,3100.0,SS
Marcus Maye,78,Core Gold,3900.0,FS
Tyler Higbee,78,Core Gold,3000.0,TE
Carl Lawson,78,Core Gold,2900.0,RE
Tevin Coleman,78,Core Gold,3200.0,HB
Sterling Shepard,78,Core Gold,3000.0,WR
Brandon McManus,78,Core Gold,2900.0,K
O.J. Howard,78,Core Gold,2900.0,TE
Larry Fitzgerald,78,Core Gold,8900.0,WR
Mike Williams,78,Core Gold,3000.0,WR
Jonathan Allen,78,Core Gold,3600.0,DT
Chase Young,78,Core Rookie,4000.0,RE
Cory Littleton,78,Core Gold,5100.0,MLB
Ricardo Allen,78,Core Gold,2700.0,SS
Sammy Watkins,78,Core Gold,2700.0,WR
Laurent Duvernay-Tardif,78,Core Gold,2600.0,RG
Brian Winters,78,Core Gold,2800.0,RG
Lamarcus Joyner,78,Core Gold,2500.0,FS
Dustin Hopkins,78,Core Gold,3700.0,K
John Simon,78,Core Gold,2400.0,LE
J.C. Tretter,78,Core Gold,3500.0,C
Rick Wagner,78,Core Gold,3300.0,RT
Brett Favre,78,Power Up,35400.0,QB
Dominique Rodgers-Cromartie,78,Power Up,33100.0,CB
Ryan Kerrigan,78,Team of the Week,6700.0,LE
Steve Hutchinson,78,Power Up,37500.0,LG
Bryan Anger,78,Core Gold,3000.0,P
Josh Jacobs,78,Team of the Week,7000.0,HB
Danny Trevathan,78,Core Gold,3400.0,MLB
Ben Jones,78,Core Gold,3000.0,C
Trai Turner,78,Core Gold,2900.0,RG
Rickey Jackson,78,Power Up,6200.0,LOLB
Steve Smith Sr,78,Power Up,4800.0,WR
Brian Burns,78,Core Gold,2800.0,RE
Alshon Jeffery,78,Core Gold,2900.0,WR
Dre Greenlaw,78,Superstar MVPs,3300.0,ROLB
Rashaad Penny,78,Core Gold,4000.0,HB
Darnell Savage,78,Superstar MVPs,3000.0,FS
Jeffery Simmons Jr,78,Core Gold,3000.0,LE
Garett Bolles,78,Superstar MVPs,2800.0,LT
Bradley Roby,78,Core Gold,3200.0,CB
Josh Allen,78,Core Gold,4100.0,QB
Cordarrelle Patterson,78,Superstar MVPs,2900.0,WR
Ja'Wuan James,78,Core Gold,3000.0,RT
Harold Landry III,78,Team of the Week,6600.0,ROLB
Eric Ebron,78,Core Gold,3300.0,TE
Stefon Diggs,78,Team of the Week,6500.0,WR
Pierre Desir,78,Core Gold,2700.0,CB
Ha Ha Clinton-Dix,78,Core Gold,3000.0,SS
Derek Carr,78,Core Gold,3500.0,QB
Miles Sanders,78,Core Gold,3000.0,HB
Kerryon Johnson,78,Core Gold,3000.0,HB
Anthony Barr,78,Core Gold,3000.0,LOLB
Mitch Wishnowsky,78,Core Gold,4000.0,P
James Daniels,78,Core Gold,2800.0,LG
Dallas Goedert,78,Core Gold,3500.0,TE
Mike Pouncey,78,Core Gold,3000.0,C
Sony Michel,78,Core Gold,3000.0,HB
Isaiah Wynn,78,Core Gold,3500.0,LT
Baker Mayfield,78,Core Gold,3400.0,QB
Dion Lewis,78,Core Gold,3100.0,HB
Kyler Murray,78,Core Gold,3200.0,QB
Michael Gallup,78,Core Gold,2900.0,WR
Ronald Jones II,78,Core Gold,3200.0,HB
Jack Doyle,78,Core Gold,2900.0,TE
Josh Allen,78,Core Gold,3000.0,LE
Jason Pierre-Paul,78,Core Gold,2900.0,LOLB
Alec Ingold,78,Core Gold,4000.0,FB
Russell Okung,78,Core Gold,3100.0,LT
Quinton Dunbar,78,Core Gold,3700.0,CB
Joe Thomas,77,Power Up,5000.0,LT
Richard Seymour,77,Power Up,5100.0,RE
Jerry Rice,77,Power Up,6500.0,WR
Dalton Risner,77,Core Gold,2700.0,LG
Mike Hilton,77,Core Gold,2300.0,CB
Dan Marino,77,Power Up,2700.0,QB
Merlin Olsen,77,Power Up,3100.0,DT
C.J. Ham,77,Core Gold,4200.0,FB
Bobby Bell,77,Power Up,4400.0,LOLB
Jerome Bettis,77,Power Up,3400.0,HB
Steve Atwater,77,Power Up,6500.0,FS
Reggie Bush,77,Power Up,36900.0,HB
Nnamdi Asomugha,77,Power Up,33100.0,CB
Quandre Diggs,77,Core Gold,3200.0,FS
Brian Dawkins,77,Power Up,30100.0,FS
Walter Jones,77,Power Up,39900.0,LT
Reggie White,77,Power Up,40400.0,LE
Derrick Brooks,77,Power Up,31800.0,ROLB
Jameis Winston,77,Core Gold,2700.0,QB
Tyrone Calico,77,Power Up,32000.0,WR
Larry Allen,77,Power Up,12100.0,RG
Rod Woodson,77,Power Up,9900.0,CB
Morten Andersen,77,Power Up,22100.0,K
Cameron Johnston,77,Core Gold,2700.0,P
Trae Waynes,77,Core Gold,2800.0,CB
Michael Vick,77,Power Up,10000.0,QB
Deion Sanders,77,Power Up,15900.0,CB
Taylor Rapp,77,Superstar MVPs,2600.0,FS
Cortland Finnegan,77,Power Up,50500.0,CB
Mike Alstott,77,Power Up,80000.0,FB
Blake Martinez,77,Superstar MVPs,2400.0,MLB
Mark Glowinski,77,Core Gold,2600.0,RG
Germain Ifedi,77,Superstar MVPs,2300.0,RG
Samaje Perine,77,Superstar MVPs,2500.0,HB
Laken Tomlinson,77,Core Gold,4000.0,LG
Danny Amendola,77,Core Gold,2500.0,WR
Graham Glasgow,77,Core Gold,2500.0,RG
Austin Blythe,77,Core Gold,2500.0,C
Jarran Reed,77,Core Gold,3200.0,DT
Johnathan Joseph,77,Core Gold,2400.0,CB
Vincent Jackson,77,Power Up,33600.0,WR
Ryan Shazier,77,Power Up,37000.0,MLB
Thomas Davis Sr,77,Core Gold,3000.0,ROLB
Taylor Mays,77,Power Up,31100.0,SS
Frank Gore,77,Core Gold,2300.0,HB
Dalvin Tomlinson,77,Core Gold,2300.0,DT
Devin Funchess,77,Core Gold,2800.0,WR
Phillip Dorsett II,77,Core Gold,2800.0,WR
Bo Jackson,77,Power Up,12900.0,HB
Junior Seau,77,Power Up,4900.0,MLB
Gerald Everett,77,Core Gold,2400.0,TE
Derrick Brown,77,Core Rookie,2800.0,DT
David Johnson,77,Core Gold,2400.0,HB
Curtis Samuel,77,Core Gold,2300.0,WR
Braden Mann,77,Core Rookie,3700.0,P
Mean Joe Greene,77,Power Up,8300.0,DT
Kevin Mawae,77,Power Up,12100.0,C
Cameron Brate,77,Core Gold,2400.0,TE
Trey Burton,77,Core Gold,2900.0,TE
Malcolm Butler,77,Core Gold,2600.0,CB
Jordan Howard,77,Core Gold,2400.0,HB
Corey Davis,77,Core Gold,2400.0,WR
Osi Umenyiora,77,Power Up,132000.0,RE
Shaun Alexander,77,Power Up,120000.0,HB
Takkarist McKinley,77,Core Gold,2700.0,RE
Jabrill Peppers,77,Core Gold,2600.0,SS
Jared Goff,77,Core Gold,2700.0,QB
Jermichael Finley,77,Power Up,5700.0,TE
Tre Boston,77,Core Gold,2500.0,FS
Jahri Evans,77,Power Up,3000.0,RG
Quincy Enunwa,77,Core Gold,2600.0,WR
Alexander Johnson,77,Core Gold,2700.0,MLB
Phil Loadholt,77,Power Up,2300.0,RT
Asante Samuel,77,Power Up,2300.0,CB
Corey Bojorquez,77,Core Gold,2300.0,P
Justin Smith,77,Power Up,3300.0,RE
Troy Vincent,77,Power Up,3100.0,CB
Weston Richburg,77,Core Gold,2700.0,C
Trent Murphy,77,Core Gold,2500.0,LE
Morgan Moses,77,Core Gold,2500.0,RT
Jerick McKinnon,77,Core Gold,2500.0,HB
Pat O'Donnell,77,Core Gold,2300.0,P
Joe Burrow,77,Core Rookie,3500.0,QB
Kenny Vaccaro,77,Core Gold,2700.0,SS
Warrick Dunn,77,Power Up,2500.0,HB
Adalius Thomas,77,Power Up,2200.0,ROLB
Vince Williams,77,Core Gold,2600.0,MLB
Dante Hall,77,Power Up,2500.0,WR
Daniel Carlson,77,Core Gold,3000.0,K
Rex Burkhead,77,Core Gold,2700.0,HB
Travis Frederick,77,Power Up,3300.0,C
Michael Badgley,77,Core Gold,3000.0,K
Alex Okafor,77,Core Gold,2500.0,LE
Sheldon Richardson,77,Core Gold,2800.0,DT
Justin Pugh,77,Core Gold,2800.0,LG
Eric Fisher,77,Core Gold,2800.0,LT
Tony Gonzalez,77,Power Up,5200.0,TE
Cam Newton,77,Core Gold,2600.0,QB
John Lynch,77,Power Up,4500.0,SS
Matt Gay,77,Core Gold,2800.0,K
Tashaun Gipson Sr,77,Core Gold,2500.0,SS
Tahir Whitehead,77,Core Gold,2500.0,LOLB
Randy Bullock,77,Core Gold,2500.0,K
Chauncey Gardner-Johnson,77,Core Gold,2500.0,SS
Arian Foster,77,Power Up,1900.0,HB
Bryant Young,77,Power Up,3300.0,DT
Tyrone Crawford,77,Core Gold,2800.0,RE
Da'Shawn Hand,77,Core Gold,2900.0,LE
Bobby Massie,77,Core Gold,2500.0,RT
Janoris Jenkins,77,Core Gold,2700.0,CB
Devin White,77,Core Gold,2700.0,MLB
Dwayne Haskins Jr,77,Superstar MVPs,2300.0,QB
Charvarius Ward,77,Superstar MVPs,2200.0,CB
Reggie Wayne,77,Power Up,5100.0,WR
Ed Oliver,77,Core Gold,2900.0,DT
Brennan Scarlett,77,Superstar MVPs,2200.0,LOLB
Lawrence Taylor,77,Power Up,15100.0,ROLB
Lance Briggs,77,Power Up,98300.0,LOLB
Quinnen Williams,77,Core Gold,2800.0,RE
Randall Cunningham,77,Power Up,110000.0,QB
Maxx Williams,77,Superstar MVPs,2600.0,TE
Derrick Brown,77,Rookie,Unknown,DT
Gabe Jackson,77,Core Gold,2800.0,RG
D'Qwell Jackson,77,Power Up,2300.0,MLB
Joe Burrow,77,Rookie,Unknown,QB
Marvin Harrison,77,Power Up,2800.0,WR
Marquise Brown,77,Core Gold,3600.0,WR
Uchenna Nwosu,77,Core Gold,2500.0,LOLB
Jake Bailey,77,Core Gold,2800.0,P
Pernell McPhee,77,Core Gold,2400.0,ROLB
Adrian Clayborn,77,Core Gold,2500.0,RE
Marcus Cannon,77,Core Gold,2700.0,RT
Erik McCoy,77,Core Gold,2500.0,C
Randall Cobb,77,Core Gold,2400.0,WR
Sean Lee,77,Core Gold,3000.0,ROLB
Kolton Miller,77,Core Gold,3000.0,LT
Kendrick Bourne,76,Core Gold,2300.0,WR
Willie Snead IV,76,Core Gold,2600.0,WR
Roosevelt Nix,76,Core Gold,3500.0,FB
Adam Humphries,76,Core Gold,2200.0,WR
Kenny Moore II,76,Core Gold,2300.0,CB
D.K. Metcalf,76,Core Gold,3700.0,WR
Younghoe Koo,76,Core Gold,2400.0,K
Brian Poole,76,Core Gold,2200.0,CB
Nick Kwiatkoski,76,Core Gold,3200.0,ROLB
Chase Roullier,76,Core Gold,2200.0,C
Markus Golden,76,Core Gold,2400.0,LOLB
Hunter Renfrow,76,Superstar MVPs,2000.0,WR
Carl Nassib,76,Core Gold,2500.0,LE
Corey Clement,76,Core Gold,2400.0,HB
Troy Apke,76,Superstar MVPs,2300.0,FS
Donovan Smith,76,Core Gold,2500.0,LT
Ryan Griffin,76,Superstar MVPs,2300.0,TE
L.J. Fort,76,Superstar MVPs,2400.0,MLB
Ereck Flowers,76,Core Gold,2500.0,LG
D.J. Humphries,76,Core Gold,2400.0,LT
Emmanuel Ogbah,76,Core Gold,2400.0,LE
Nick Boyle,76,Core Gold,2800.0,TE
Ryan Fitzpatrick,76,Core Gold,2300.0,QB
Justin Rohrwasser,76,Core Rookie,3200.0,K
Sterling Hofrichter,76,Core Rookie,3400.0,P
Taylor Decker,76,Core Gold,2300.0,LT
Pat Elflein,76,Core Gold,2500.0,LG
Mike Davis,76,Core Gold,2200.0,HB
Tyler Bass,76,Core Rookie,3000.0,K
Gareon Conley,76,Core Gold,2600.0,CB
Leonard Floyd,76,Core Gold,2400.0,LOLB
Jeff Okudah,76,Core Rookie,3000.0,CB
Isaiah Simmons,76,Core Rookie,3100.0,SS
Trevor Williams,76,Core Gold,2300.0,CB
Eric Weddle,76,Power Up,2400.0,FS
Brett Maher,76,Core Gold,2200.0,K
Roddy White,76,Power Up,1400.0,WR
Devon Kennard,76,Core Gold,6200.0,ROLB
Heath Miller,76,Power Up,2000.0,TE
Michael Thomas,76,Power Up,2300.0,WR
Jedrick Wills Jr,76,Core Rookie,3000.0,LT
Zach Fulton,76,Core Gold,2300.0,RG
Logan Cooke,76,Core Gold,2300.0,P
Jason Sanders,76,Core Gold,2500.0,K
Frank Minnifield,76,Power Up,1400.0,CB
Ryan Winslow,76,Core Gold,2200.0,P
Jerry Jeudy,76,Core Rookie,3400.0,WR
Eddy Pineiro,76,Core Gold,2400.0,K
DaQuan Jones,76,Core Gold,2200.0,DT
CeeDee Lamb,76,Core Rookie,3300.0,WR
Will Dissly,76,Core Gold,4200.0,TE
Ryan Allen,76,Core Gold,2200.0,P
Dre' Bly,76,Power Up,2500.0,CB
Jason Peters,76,Core Gold,2500.0,RG
A.J. Cole III,76,Core Gold,2600.0,P
Chris Thompson,76,Core Gold,2500.0,HB
Ty Long,76,Core Gold,2600.0,P
Duron Harmon,76,Core Gold,2400.0,FS
Ja'Whaun Bentley,76,Core Gold,2300.0,MLB
Tyler Eifert,76,Core Gold,2200.0,TE
Marquise Goodwin,76,Core Gold,2400.0,WR
Jack Fox,76,Core Gold,2400.0,P
Giovani Bernard,76,Core Gold,2400.0,HB
Tre Flowers,76,Core Gold,2300.0,CB
J.R. Sweezy,76,Core Gold,2500.0,RG
Patrick Mahomes,76,Power Up,2700.0,QB
Tracy Walker,76,Core Gold,2200.0,SS
Josh Norman,76,Core Gold,2300.0,CB
Brian O'Neill,76,Core Gold,2400.0,RT
Malik Jackson,76,Core Gold,2500.0,DT
Christian McCaffrey,76,Power Up,6000.0,HB
Devin Bush,76,Core Gold,2400.0,MLB
Dontari Poe,76,Core Gold,2700.0,DT
N'Keal Harry,76,Superstar MVPs,2200.0,WR
Mohamed Sanu Sr,76,Core Gold,2200.0,WR
Dexter Lawrence II,76,Core Gold,2300.0,LE
Jessie Bates III,76,Core Gold,2200.0,FS
Justin Jackson,76,Superstar MVPs,2200.0,HB
Alex Anzalone,76,Superstar MVPs,2200.0,MLB
Zack Martin,76,Power Up,5500.0,RG
Eric Rowe,76,Superstar MVPs,2400.0,SS
Josh Bynes,76,Core Gold,2300.0,LOLB
Mike Gesicki,76,Core Gold,2400.0,TE
Kai Forbath,76,Core Gold,2300.0,K
Jeff Okudah,76,Rookie,Unknown,CB
Tim Jernigan,76,Core Gold,2200.0,RE
Bobby Wagner,76,Power Up,4400.0,MLB
Stephon Gilmore,76,Power Up,4000.0,CB
Teddy Bridgewater,76,Core Gold,2200.0,QB
David Montgomery,76,Core Gold,2300.0,HB
Austin Seibert,76,Core Gold,2200.0,K
Marcus Gilbert,76,Core Gold,2400.0,RT
Aaron Donald,76,Power Up,24500.0,RE
Andrew Sendejo,76,Core Gold,2200.0,SS
Steve McLendon,76,Core Gold,2300.0,DT
Sam Darnold,76,Core Gold,2300.0,QB
James Washington,76,Core Gold,2400.0,WR
Mike Iupati,76,Core Gold,2400.0,LG
Jimmy Graham,76,Core Gold,4700.0,TE
Garrett Bradbury,76,Core Gold,2400.0,C
Matt Skura,75,Core Gold,2800.0,C
Gardner Minshew II,75,Core Gold,2200.0,QB
Kevin Huber,75,Core Gold,2500.0,P
Seth Roberts,75,Core Gold,2300.0,WR
Tyeler Davison,75,Core Gold,2700.0,DT
Jon Feliciano,75,Core Gold,2600.0,RG
Chuck Clark,75,Core Gold,2400.0,SS
Jordan Hicks,75,Core Gold,2300.0,MLB
Riley Dixon,75,Core Gold,2300.0,P
Alex Lewis,75,Core Gold,2400.0,LG
Henry Anderson,75,Core Gold,2200.0,LE
David Bakhtiari,75,Power Up,2200.0,LT
Vic Beasley Jr,75,Core Gold,2400.0,LOLB
Daryl Williams,75,Core Gold,2500.0,LG
Daryl Worley,75,Core Gold,2800.0,CB
DeAndre Hopkins,75,Power Up,5100.0,WR
A.J. Cann,75,Core Gold,2300.0,RG
Tyus Bowser,75,Core Gold,2400.0,LOLB
Marcedes Lewis,75,Core Gold,2400.0,TE
Connor McGovern,75,Core Gold,2300.0,C
Larry Ogunjobi,75,Core Gold,2400.0,DT
Karl Joseph,75,Core Gold,2300.0,SS
Sam Sloman,75,Core Rookie,3300.0,K
Damontae Kazee,75,Core Gold,2300.0,FS
Nelson Agholor,75,Core Gold,2400.0,WR
Raekwon McMillan,75,Core Gold,2300.0,MLB
Duke Johnson Jr,75,Core Gold,2400.0,HB
Cam Robinson,75,Core Gold,2200.0,LT
Jourdan Lewis,75,Core Gold,3000.0,CB
Mitchell Trubisky,75,Core Gold,2500.0,QB
Albert Wilson,75,Core Gold,2500.0,WR
Javon Kinlaw,75,Core Rookie,3500.0,DT
Xavier McKinney,75,Core Rookie,2800.0,FS
David Njoku,75,Core Gold,2800.0,TE
Tyreek Hill,75,Power Up,48100.0,WR
Derek Barnett,75,Core Gold,2600.0,RE
C.J. Henderson,75,Core Rookie,3200.0,CB
Reuben Foster,75,Core Gold,2200.0,MLB
Matt Feiler,75,Core Gold,2700.0,RT
Shelby Harris,75,Core Gold,2500.0,DT
Josh Hill,75,Core Gold,2300.0,TE
Sam Mills,75,MUT,Unknown,MLB
K'Lavon Chaisson,75,Core Rookie,3200.0,RE
Kyle Williams,75,Power Up,1400.0,DT
Elvis Dumervil,75,Power Up,2900.0,LOLB
Bob Sanders,75,Power Up,2800.0,SS
Gus Edwards,75,Core Gold,2200.0,HB
Derrick Henry,75,Power Up,7500.0,HB
Kaare Vedvik,75,Core Gold,2200.0,K
Anthony Hitchens,75,Core Gold,2400.0,MLB
Adrian Wilson,75,Power Up,1700.0,SS
Andrew Thomas,75,Core Rookie,3500.0,LT
Greg Joseph,75,Core Gold,2300.0,K
Clyde Edwards-Helaire,75,Core Rookie,2900.0,HB
Rich Gannon,75,Power Up,1700.0,QB
Robert Porcher,75,Power Up,1300.0,LE
Marqise Lee,75,Core Gold,2400.0,WR
Drew Bennett,75,Power Up,1300.0,WR
Henry Ruggs III,75,Core Rookie,4200.0,WR
Xavier Rhodes,75,Core Gold,6000.0,CB
Mack Strong,75,Power Up,15100.0,FB
Jimbo Covert,75,Power Up,1500.0,LT
Mike Remmers,75,Core Gold,2400.0,LG
Kiko Alonso,75,Core Gold,2400.0,LOLB
D'Andre Swift,75,Core Rookie,3200.0,HB
Chase McLaughlin,75,Core Gold,2300.0,K
Khari Blasingame,75,Core Gold,3500.0,FB
Tyler Newsome,75,Core Gold,2400.0,P
Elliott Fry,75,Core Gold,2100.0,K
Chase Edmonds,75,Core Gold,2400.0,HB
William Gholston,75,Core Gold,2700.0,LE
Prince Amukamara,75,Core Gold,2300.0,CB
Jordan Reed,75,Core Gold,2500.0,TE
George Kittle,75,Power Up,14900.0,TE
Nyheim Hines,75,Core Gold,2500.0,HB
Byron Murphy Jr,75,Core Gold,2400.0,CB
Mack Wilson,75,Core Gold,2200.0,ROLB
Maxx Crosby,75,Core Gold,2300.0,LE
Riley Reiff,75,Core Gold,2600.0,LT
Khalil Mack,75,Power Up,15100.0,LOLB
Mario Addison,75,Core Gold,2600.0,RE
Christian Kirk,75,Core Gold,2400.0,WR
Jonah Williams,75,Core Gold,2400.0,LT
T.J. Hockenson,75,Core Gold,2400.0,TE
Carlton Davis III,75,Core Gold,2200.0,CB
Levi Wallace,75,Core Gold,2400.0,CB
Mitchell Schwartz,75,Power Up,2100.0,RT
Ito Smith,75,Core Gold,2500.0,HB
Bashaud Breeland,75,Core Gold,2300.0,CB
Fletcher Cox,75,Power Up,2000.0,DT
Dre Greenlaw,75,Core Gold,2800.0,ROLB
Russell Wilson,75,Power Up,6000.0,QB
Tony Pollard,75,Core Gold,2900.0,HB
Brooks Reed,75,Core Gold,2200.0,LOLB
Juan Thornhill,75,Core Gold,2300.0,FS
Royce Freeman,75,Core Gold,2400.0,HB
Nate Solder,75,Core Gold,2300.0,RT
Daniel Jones,75,Core Gold,2400.0,QB
Andy Dalton,75,Core Gold,2500.0,QB
Marcus Davenport,75,Core Gold,2200.0,RE
J.J. Watt,75,Power Up,4000.0,LE
Al Woods,75,Core Gold,2400.0,DT
Tytus Howard,75,Core Gold,2400.0,RT
Maurice Hurst,75,Core Gold,2400.0,DT
Chris Lindstrom,75,Core Gold,2200.0,RG
Andre Dillard,74,Core Gold,1500.0,LT
Adrian Phillips,74,Core Gold,1200.0,FS
Jacob Hollister,74,Core Gold,1500.0,TE
Drew Lock,74,Core Gold,1200.0,QB
David Moore,74,Core Gold,1500.0,WR
Alex Armah Jr,74,Core Gold,2800.0,FB
Jamon Brown,74,Core Gold,1500.0,RG
Xavier Woods,74,Core Gold,1500.0,FS
Ted Karras,74,Core Gold,1400.0,C
Damien Wilson,74,Core Gold,1700.0,ROLB
David Onyemata,74,Core Gold,1300.0,DT
Tavon Young,74,Core Gold,1500.0,CB
De'Vondre Campbell,74,Core Gold,1000.0,MLB
Davon Godchaux,74,Core Gold,1100.0,DT
Jonnu Smith,74,Core Gold,1300.0,TE
Nick Martin,74,Core Gold,1100.0,C
Nick Vigil,74,Core Gold,1500.0,LOLB
Terron Armstead,74,Power Up,1300.0,LT
Dean Lowry,74,Core Gold,2100.0,LE
Kamalei Correa,74,Core Gold,1200.0,LOLB
Cameron Erving,74,Core Gold,2300.0,LT
Chris Conley,74,Core Gold,1000.0,WR
Germain Ifedi,74,Core Gold,1500.0,RG
Breshad Perriman,74,Core Gold,1300.0,WR
Malcolm Brown,74,Core Gold,1300.0,HB
Zach Cunningham,74,Core Gold,1200.0,MLB
T.J. Yeldon,74,Core Gold,1100.0,HB
Ameer Abdullah,74,Core Gold,1100.0,HB
Zay Jones,74,Core Gold,1500.0,WR
Demarcus Robinson,74,Core Gold,1300.0,WR
Denico Autry,74,Core Gold,1100.0,DT
Calais Campbell,74,Power Up,4000.0,RE
Garett Bolles,74,Core Gold,1300.0,LT
Jacoby Brissett,74,Core Gold,1100.0,QB
K'Waun Williams,74,Core Gold,1300.0,CB
Darren Fells,74,Core Gold,1300.0,TE
John Ross III,74,Core Gold,2200.0,WR
Mackensie Alexander,74,Core Gold,950.0,CB
Grant Delpit,74,Core Rookie,1200.0,FS
Christian Jones,74,Core Gold,1300.0,ROLB
Jason Witten,74,Core Gold,1700.0,TE
Solomon Thomas,74,Core Gold,2000.0,RE
Patrick Onwuasor,74,Core Gold,1100.0,MLB
Kenneth Murray Jr,74,Core Rookie,1100.0,ROLB
Bradley McDougald,74,Core Gold,1700.0,SS
Jon Halapio,74,Core Gold,1500.0,C
Charles Johnson,74,Power Up,850.0,LE
George Fant,74,Core Gold,1100.0,RT
Chris Jones,74,Power Up,2900.0,DT
Jalen Richard,74,Core Gold,1800.0,HB
Mekhi Becton,74,Core Rookie,1100.0,LT
David Diehl,74,Power Up,1700.0,LG
Jason Verrett,74,Core Gold,1600.0,CB
London Fletcher,74,Power Up,1700.0,MLB
Justin Jefferson,74,Core Rookie,1200.0,WR
Mo Lewis,74,Power Up,800.0,LOLB
Michael Schofield III,74,Core Gold,1200.0,RG
Keenan McCardell,74,Power Up,940.0,WR
Shawn Williams,74,Core Gold,1200.0,SS
Amobi Okoye,74,Power Up,900.0,DT
D.J. Hayden,74,Core Gold,1100.0,CB
Mark Clayton,74,Power Up,1200.0,WR
J.K. Dobbins,74,Core Rookie,1500.0,HB
Nick Chubb,74,Power Up,1300.0,HB
Margus Hunt,74,Core Gold,1500.0,DT
Takeo Spikes,74,Power Up,1700.0,MLB
Tua Tagovailoa,74,Core Rookie,1300.0,QB
A.J. Klein,74,Core Gold,1200.0,ROLB
Johnathan Hankins,74,Core Gold,1300.0,DT
Taron Johnson,74,Core Gold,1000.0,CB
Lamar Jackson,74,Power Up,4000.0,QB
Mike Daniels,74,Core Gold,1000.0,DT
Kelechi Osemele,74,Core Gold,1200.0,LG
Vance McDonald,74,Core Gold,1400.0,TE
Lamar Miller,74,Core Gold,950.0,HB
Avonte Maddox,74,Core Gold,1200.0,CB
Carlos Hyde,74,Core Gold,1200.0,HB
Darqueze Dennard,74,Core Gold,1000.0,CB
Quenton Nelson,74,Power Up,5600.0,LG
Greg Van Roten,74,Core Gold,1100.0,RG
Ty Nsekhe,74,Core Gold,1500.0,RT
Rodney McLeod Jr,74,Core Gold,1200.0,FS
Darius Slayton,74,Core Gold,1200.0,WR
Diontae Johnson,74,Core Gold,2000.0,WR
Hayden Hurst,74,Core Gold,1000.0,TE
Shaun Dion Hamilton,74,Core Gold,1400.0,LOLB
Ryan Ramczyk,74,Power Up,2200.0,RT
Dante Pettis,74,Core Gold,1000.0,WR
Nick Foles,74,Core Gold,1300.0,QB
Jawaan Taylor,74,Core Gold,1300.0,RT
Nathan Shepherd,74,Core Gold,1000.0,LE
Cody Ford,74,Core Gold,1200.0,RT
Breeland Speaks,74,Core Gold,1300.0,LE
Brandon Brooks,74,Power Up,2900.0,RG
Mecole Hardman,74,Core Gold,1500.0,WR
Harrison Smith,74,Power Up,1000.0,SS
B.J. Hill,74,Core Gold,1400.0,RE
Lavonte David,74,Power Up,1000.0,MLB
Derrick Nnadi,74,Core Gold,1200.0,DT
Bradley Bozeman,74,Core Gold,1800.0,LG
Darnell Savage,74,Core Gold,1300.0,FS
Rock Ya-Sin,74,Core Gold,950.0,CB
Davante Adams,74,Power Up,2600.0,WR
Richard Sherman,74,Power Up,2600.0,CB
Anthony Miller,74,Core Gold,1300.0,WR
Von Miller,74,Power Up,4200.0,LOLB
Cameron Jordan,74,Power Up,1600.0,LE
Connor Williams,74,Core Gold,1200.0,LG
Montez Sweat,74,Core Gold,1200.0,RE
Julio Jones,74,Power Up,4700.0,WR
Troy Hill,74,Core Gold,1300.0,CB
Kendall Lamm,73,Core Gold,950.0,LT
Kaleb McGary,73,Core Gold,1100.0,RT
Elijhaa Penny,73,Core Gold,2100.0,FB
Hunter Renfrow,73,Core Gold,900.0,WR
Adam Butler,73,Core Gold,1000.0,DT
Trey Hopkins,73,Core Gold,1400.0,C
Darryl Roberts,73,Core Gold,1000.0,CB
Bobby McCain,73,Core Gold,1200.0,FS
Marcus Mariota,73,Core Gold,999.0,QB
Eric Kendricks,73,Power Up,1000.0,MLB
Grady Jarrett,73,Power Up,950.0,DT
Ahkello Witherspoon,73,Core Gold,999.0,CB
Will Parks,73,Core Gold,1200.0,SS
P.J. Williams,73,Core Gold,1000.0,CB
Derek Watt,73,Core Gold,4700.0,FB
Kevin Johnson,73,Core Gold,1000.0,CB
Blake Jarwin,73,Core Gold,1000.0,TE
Stefon Diggs,73,Power Up,1900.0,WR
Denzel Perryman,73,Core Gold,1100.0,MLB
Trent Taylor,73,Core Gold,950.0,WR
Marquel Lee,73,Core Gold,1100.0,LOLB
Fabian Moreau,73,Core Gold,1000.0,CB
Ricky Seals-Jones,73,Core Gold,1000.0,TE
Joe Dahl,73,Core Gold,1200.0,LG
Randy Gregory,73,Core Gold,1500.0,RE
Josh Reynolds,73,Core Gold,1100.0,WR
Travis Kelce,73,Power Up,2100.0,TE
Samaje Perine,73,Core Gold,1000.0,HB
Ted Ginn Jr,73,Core Gold,900.0,WR
Rasul Douglas,73,Core Gold,1000.0,CB
Maxx Williams,73,Core Gold,1100.0,TE
Jordan Jenkins,73,Core Gold,950.0,ROLB
Anthony Walker Jr,73,Core Gold,950.0,MLB
Todd Davis,73,Core Gold,1400.0,MLB
Haason Reddick,73,Core Gold,999.0,ROLB
Rashard Higgins,73,Core Gold,999.0,WR
Jarrad Davis,73,Core Gold,1200.0,MLB
Ben Garland,73,Core Gold,2300.0,C
A'Shawn Robinson,73,Core Gold,1100.0,DT
Sidney Jones IV,73,Core Gold,1200.0,CB
Demetrius Harris,73,Core Gold,1200.0,TE
Chris Hubbard,73,Core Gold,1100.0,RT
Allen Hurns,73,Core Gold,1000.0,WR
Antoine Winfield Jr,73,Core Rookie,1100.0,FS
A.J. Terrell,73,Core Rookie,1100.0,CB
Lane Taylor,73,Core Gold,2000.0,LG
Patrick Queen,73,Core Rookie,1000.0,MLB
Andre Johnson,73,Level,Unknown,WR
Yetur Gross-Matos,73,Core Rookie,1200.0,RE
Cre'Von LeBlanc,73,Core Gold,1300.0,CB
Corey Linsley,73,Core Gold,1400.0,C
Erik Harris,73,Core Gold,1500.0,FS
Cesar Ruiz,73,Core Rookie,1100.0,RG
Tristan Wirfs,73,Core Rookie,1100.0,RT
Brennan Scarlett,73,Core Gold,1400.0,LOLB
Ezekiel Elliott,73,Power Up,2000.0,HB
Ronnie Stanley,73,Power Up,1100.0,LT
Christian Kirksey,73,Core Gold,1100.0,MLB
Charvarius Ward,73,Core Gold,1100.0,CB
Emmanuel Moseley,73,Core Gold,1000.0,CB
Jalen Ramsey,73,Power Up,6700.0,CB
Cole Kmet,73,Core Rookie,1000.0,TE
Foyesade Oluokun,73,Core Gold,900.0,ROLB
Cody Latimer,73,Core Gold,1100.0,WR
Drew Brees,73,Power Up,1000.0,QB
Jalen Reagor,73,Core Rookie,1100.0,WR
Jonathan Taylor,73,Core Rookie,1100.0,HB
Cam Akers,73,Core Rookie,1100.0,HB
Marquez Valdes-Scantling,73,Core Gold,1100.0,WR
Christopher Herndon IV,73,Core Gold,1000.0,TE
Cordarrelle Patterson,73,Core Gold,1000.0,WR
Taylor Rapp,73,Core Gold,1000.0,FS
Josh Sweat,73,Core Gold,1200.0,LE
Kemoko Turay,73,Core Gold,950.0,RE
Bruce Irvin,73,Core Gold,1400.0,LOLB
Joe Looney,73,Core Gold,2300.0,C
Tom Compton,73,Core Gold,3500.0,RG
Travis Benjamin,73,Core Gold,950.0,WR
Myles Garrett,73,Power Up,3500.0,RE
Poona Ford,73,Core Gold,2600.0,DT
Greg Little,73,Core Gold,1100.0,LT
Tyrann Mathieu,73,Power Up,2600.0,SS
Sam Hubbard,73,Core Gold,1100.0,RE
Demario Davis,73,Power Up,950.0,ROLB
Irv Smith Jr,73,Core Gold,1000.0,TE
Noah Fant,73,Core Gold,1400.0,TE
Cole Kmet,73,Rookie,Unknown,TE
Ronnie Harrison,73,Core Gold,1100.0,SS
Tre'Quan Smith,73,Core Gold,900.0,WR
Mike Hughes,73,Core Gold,1300.0,CB
Chandler Jones,73,Power Up,1000.0,LOLB
Buster Skrine,73,Core Gold,900.0,CB
David DeCastro,73,Power Up,2000.0,RG
Allen Bailey,73,Core Gold,1100.0,LE
Mike Evans,73,Power Up,2000.0,WR
James Carpenter,73,Core Gold,1300.0,LG
Dwayne Haskins Jr,73,Core Gold,1100.0,QB
Tyrod Taylor,73,Core Gold,1000.0,QB
Corey Peters,73,Core Gold,1100.0,DT
Jason Kelce,73,Power Up,1800.0,C
Rodney Hudson,73,Power Up,1900.0,C
Tyson Alualu,73,Core Gold,1500.0,LE
Nate Davis,73,Core Gold,1200.0,RG
Taven Bryan,73,Core Gold,1100.0,DT
Josh Rosen,73,Core Gold,900.0,QB
Antwaun Woods,73,Core Gold,1000.0,DT
Devin McCourty,73,Power Up,1100.0,FS
Chuma Edoga,72,Core Gold,950.0,RT
Zach Pascal,72,Core Gold,1100.0,WR
Max Scharping,72,Core Gold,1100.0,LG
Trent Williams,72,Power Up,3400.0,LT
Keelan Cole,72,Core Gold,850.0,WR
Rob Gronkowski,72,Power Up,2100.0,TE
Joe Thomas,72,Core Gold,1700.0,ROLB
Austin Reiter,72,Core Gold,1100.0,C
John Miller,72,Core Gold,1100.0,RG
Za'Darius Smith,72,Power Up,1700.0,LOLB
T.J. Logan,72,Core Gold,1100.0,HB
Ben Gedeon,72,Core Gold,1400.0,ROLB
Halapoulivaati Vaitai,72,Core Gold,1300.0,RT
DeAndre Washington,72,Core Gold,900.0,HB
Seth DeValve,72,Core Gold,850.0,TE
Amari Cooper,72,Power Up,1400.0,WR
Malcom Brown,72,Core Gold,900.0,DT
Ryan Switzer,72,Core Gold,1100.0,WR
Isaac Seumalo,72,Core Gold,1100.0,LG
Kyle Juszczyk,72,Power Up,18900.0,FB
Tom Brady,72,Power Up,1100.0,QB
Anthony Zettel,72,Core Gold,900.0,LE
Maliek Collins,72,Core Gold,1800.0,DT
Ty Sambrailo,72,Core Gold,1000.0,LT
Lane Johnson,72,Power Up,2200.0,RT
Anthony Brown,72,Core Gold,950.0,CB
Alex Anzalone,72,Core Gold,1000.0,MLB
C.J. Uzomah,72,Core Gold,999.0,TE
Kendell Beckwith,72,Core Gold,1200.0,MLB
James O'Shaughnessy,72,Core Gold,850.0,TE
Jesse James,72,Core Gold,950.0,TE
Tyler Kroft,72,Core Gold,1100.0,TE
Blake Martinez,72,Core Gold,1200.0,MLB
Kevin King,72,Core Gold,1300.0,CB
Alex Smith,72,Core Gold,900.0,QB
Taywan Taylor,72,Core Gold,1000.0,WR
Willie Henry,72,Core Gold,950.0,LE
Jordyn Brooks,72,Core Rookie,1000.0,MLB
Kyler Fackrell,72,Core Gold,1000.0,ROLB
Michael Burton,72,Core Gold,2000.0,FB
Andrew Billings,72,Core Gold,900.0,DT
Kyle Dugger,72,Core Rookie,1100.0,SS
Peyton Barber,72,Core Gold,1000.0,HB
Tajae Sharpe,72,Core Gold,900.0,WR
Josh Wells,72,Core Gold,1000.0,LT
Quincy Wilson,72,Core Gold,800.0,CB
Richie Incognito,72,Power Up,6000.0,LG
Mike Pennel Jr,72,Core Gold,1300.0,DT
Brandon Aiyuk,72,Core Rookie,1200.0,WR
Shaq Lawson,72,Core Gold,1000.0,ROLB
Vernon Hargreaves III,72,Core Gold,999.0,CB
Jonotthan Harrison,72,Core Gold,1100.0,C
Kevin Byard,72,Power Up,1000.0,FS
Jaylon Johnson,72,Core Rookie,1200.0,CB
Benson Mayowa,72,Core Gold,2200.0,LE
Jarrod Wilson,72,Core Gold,900.0,FS
Josh Uche,72,Core Rookie,1100.0,ROLB
Rashaan Melvin,72,Core Gold,850.0,CB
A.J. Epenesa,72,Core Rookie,1100.0,LE
Ross Blacklock,72,Core Rookie,900.0,RE
Kenny Clark,72,Power Up,1100.0,DT
Nick Mullens,72,Core Gold,1100.0,QB
Damiere Byrd,72,Core Gold,950.0,WR
Tre Herndon,72,Core Gold,900.0,CB
Xavier Su'a-Filo,72,Core Gold,1100.0,LG
Joey Bosa,72,Power Up,2300.0,LE
Laviska Shenault Jr,72,Core Rookie,950.0,WR
D.J. Swearinger Sr,72,Core Gold,1200.0,SS
Bilal Nichols,72,Core Gold,950.0,RE
A.J. Dillon,72,Core Rookie,1300.0,HB
LeSean McCoy,72,Core Gold,999.0,HB
Eli Apple,72,Core Gold,1000.0,CB
Star Lotulelei,72,Core Gold,950.0,DT
Nigel Bradham,72,Core Gold,950.0,MLB
Jalen Thompson,72,Core Gold,950.0,FS
Vinny Curry,72,Core Gold,950.0,RE
Chris Hogan,72,Core Gold,817.0,WR
Cole Holcomb,72,Core Gold,900.0,LOLB
Jamize Olawale,72,Core Gold,2000.0,FB
Justin Jackson,72,Core Gold,1100.0,HB
Alexander Mattison,72,Core Gold,900.0,HB
Kendall Sheffield,72,Core Gold,1000.0,CB
Greedy Williams,72,Core Gold,899.0,CB
Marlon Humphrey,72,Power Up,1900.0,CB
Josh Adams,72,Core Gold,950.0,HB
Jamal Adams,72,Power Up,24900.0,SS
Dalvin Cook,72,Power Up,2200.0,HB
Brandon Bolden,72,Core Gold,1000.0,HB
Wyatt Teller,72,Core Gold,1500.0,RG
Case Keenum,72,Core Gold,950.0,QB
Trey Quinn,72,Core Gold,1000.0,WR
Jerome Baker,72,Core Gold,1200.0,MLB
Kyzir White,72,Core Gold,1300.0,LOLB
Anthony Levine Sr,72,Core Gold,1100.0,SS
Casey Hayward Jr,72,Power Up,1400.0,CB
Dont'a Hightower,72,Power Up,750.0,MLB
Russell Bodine,72,Core Gold,950.0,C
Tyrell Crosby,72,Core Gold,1000.0,RT
Khari Willis,72,Core Gold,950.0,SS
Chris Harris Jr,72,Power Up,2500.0,CB
Auden Tate,72,Core Gold,1000.0,WR
Nasir Adderley,72,Core Gold,1100.0,FS
Odell Beckham Jr,72,Power Up,9800.0,WR
Amani Oruwariye,72,Core Gold,900.0,CB
Harrison Phillips,72,Core Gold,950.0,DT
Dorian O'Daniel,72,Core Gold,1100.0,LOLB
Bobby Okereke,72,Core Gold,1200.0,MLB
Patrick Robinson,72,Core Gold,940.0,CB
Chase Winovich,72,Core Gold,900.0,RE
Chukwuma Okorafor,72,Core Gold,1400.0,LT
Josh Jackson,72,Core Gold,1400.0,CB
Michael Davis,72,Core Gold,1300.0,CB
Justin McCray,71,Core Gold,1000.0,LT
Bobby Hart,71,Core Gold,1100.0,RT
Taysom Hill,71,Core Gold,1100.0,QB
Shaquil Barrett,71,Power Up,1000.0,ROLB
Trent Brown,71,Power Up,1200.0,RT
Eric Wilson,71,Core Gold,1600.0,ROLB
Byron Jones,71,Power Up,2800.0,CB
Alex Erickson,71,Core Gold,1100.0,WR
Geronimo Allison,71,Core Gold,850.0,WR
Danielle Hunter,71,Power Up,1800.0,LE
D.J. Jones,71,Core Gold,1800.0,DT
Eric Rowe,71,Core Gold,1000.0,SS
Ali Marpet,71,Power Up,800.0,LG
La'el Collins,71,Power Up,1000.0,RT
Brandon Scherff,71,Power Up,1100.0,RG
Jake Ryan,71,Core Gold,950.0,MLB
Jordan Phillips,71,Core Gold,1000.0,RE
Brandon Shell,71,Core Gold,1200.0,RT
Adam Thielen,71,Power Up,999.0,WR
Vince Biegel,71,Core Gold,999.0,ROLB
Darius Slay Jr,71,Power Up,2100.0,CB
Trey Hendrickson,71,Core Gold,1100.0,RE
Brian Hill,71,Core Gold,1000.0,HB
B.J. Finney,71,Core Gold,2500.0,C
Keenan Allen,71,Power Up,950.0,WR
Tramon Williams,71,Core Gold,1200.0,CB
Deatrich Wise Jr,71,Core Gold,800.0,RE
Vernon Butler Jr,71,Core Gold,900.0,DT
Jeff Gladney,71,Core Rookie,799.0,CB
Jakeem Grant,71,Core Gold,1000.0,WR
Terrell Burgess,71,Core Rookie,800.0,FS
Logan Wilson,71,Core Rookie,850.0,MLB
Tim Williams,71,Core Gold,1100.0,ROLB
Marlon Davidson,71,Core Rookie,800.0,LE
Michael Pittman Jr,71,Core Rookie,875.0,WR
Forrest Lamp,71,Core Gold,1100.0,LG
Aaron Rodgers,71,Power Up,2500.0,QB
Josh Doctson,71,Core Gold,850.0,WR
Nick Bosa,71,Power Up,2400.0,RE
Devin Duvernay,71,Core Rookie,999.0,WR
Alex Mack,71,Power Up,1300.0,C
Justin Herbert,71,Core Rookie,900.0,QB
Daniel Sorensen,71,Core Gold,999.0,SS
Justin Simmons,71,Power Up,700.0,FS
Kevin Pierre-Louis,71,Core Gold,850.0,MLB
Cassius Marsh Sr,71,Core Gold,900.0,LE
Josh Bellamy,71,Core Gold,900.0,WR
Brent Urban,71,Core Gold,950.0,LE
E.J. Gaines,71,Core Gold,850.0,CB
T.J. Carrie,71,Core Gold,1100.0,CB
Jeff Heath,71,Core Gold,900.0,SS
Brett Jones,71,Core Gold,1400.0,C
Cameron Fleming,71,Core Gold,1200.0,RT
Deion Jones,71,Power Up,2100.0,MLB
Andrew Wylie,71,Core Gold,1200.0,LG
Ken Crawley,71,Core Gold,950.0,CB
Nevin Lawson,71,Core Gold,900.0,CB
Justin Madubuike,71,Core Rookie,1200.0,RE
Austin Hooper,71,Power Up,850.0,TE
Lloyd Cushenberry III,71,Core Rookie,1000.0,C
George Odum,71,Core Gold,900.0,FS
Terrance Mitchell,71,Core Gold,950.0,CB
Tee Higgins,71,Core Rookie,850.0,WR
DeForest Buckner,71,Power Up,1700.0,DT
P.J. Hall,71,Core Gold,900.0,DT
Fred Warner,71,Power Up,1100.0,MLB
Robert Alford,71,Core Gold,1000.0,CB
Ryan Griffin,71,Core Gold,1000.0,TE
Robert Foster,71,Core Gold,900.0,WR
Eric Kush,71,Core Gold,1300.0,RG
Jon Bostic,71,Core Gold,1700.0,MLB
Barkevious Mingo,71,Core Gold,1000.0,ROLB
Terrell Edmunds,71,Core Gold,1100.0,SS
Tavon Wilson,71,Core Gold,899.0,SS
Luke Willson,71,Core Gold,1000.0,TE
Justin Skule,71,Core Gold,1100.0,LT
Patrick DiMarco,71,Core Gold,1800.0,FB
Jordan Akins,71,Core Gold,1000.0,TE
Derwin James Jr,71,Power Up,12600.0,SS
Mike Boone,71,Core Gold,1000.0,HB
Jamel Dean,71,Core Gold,1000.0,CB
Blessuan Austin,71,Core Gold,950.0,CB
Alex Cappa,71,Core Gold,1100.0,RG
L.J. Fort,71,Core Gold,850.0,MLB
Cody Barton,71,Core Gold,900.0,LOLB
Bo Scarbrough,71,Core Gold,1000.0,HB
Keke Coutee,71,Core Gold,950.0,WR
Aaron Jones,71,Power Up,1200.0,HB
Joe Mixon,71,Power Up,1000.0,HB
Chris Godwin,71,Power Up,938.0,WR
Sean Murphy-Bunting,71,Core Gold,800.0,CB
Trayvon Mullen,71,Core Gold,900.0,CB
T.J. Watt,71,Power Up,2900.0,LOLB
Scott Quessenberry,71,Core Gold,1200.0,C
Shaquem Griffin,71,Core Gold,1100.0,LOLB
Jahlani Tavai,71,Core Gold,950.0,MLB
Tre'Davious White,71,Power Up,2000.0,CB
Tyquan Lewis,71,Core Gold,850.0,DT
Deadrin Senat,71,Core Gold,1400.0,DT
Brian Allen,71,Core Gold,900.0,C
Neville Gallimore,71,Core Rookie,850.0,DT
Michael Pierce,71,Power Up,1100.0,DT
Jerry Tillery,71,Core Gold,1400.0,DT
Ian Thomas,71,Core Gold,949.0,TE
Allen Robinson II,71,Power Up,900.0,WR
Robert Griffin III,71,Core Gold,1500.0,QB
DaeSean Hamilton,71,Core Gold,1000.0,WR
Darrell Henderson Jr,71,Core Gold,950.0,HB
N'Keal Harry,71,Core Gold,900.0,WR
Lorenzo Carter,71,Core Gold,950.0,ROLB
Benny Snell Jr,71,Core Gold,1400.0,HB
Blake Bortles,71,Core Gold,950.0,QB
Holton Hill,71,Core Gold,1100.0,CB
Marquise Blair,71,Core Gold,1100.0,FS
Mike Edwards,71,Core Gold,1000.0,FS
Virgil Green,71,Core Gold,1100.0,TE
Lee Smith,71,Core Gold,900.0,TE
Drue Tranquill,71,Core Gold,1100.0,MLB
Taiwan Jones,71,Core Gold,850.0,HB
Isaiah Oliver,71,Core Gold,1000.0,CB
Cameron Heyward,71,Power Up,900.0,RE
Charles Omenihu,71,Core Gold,900.0,LE
Tyron Smith,71,Power Up,850.0,LT
Elijah Wilkinson,71,Core Gold,1200.0,LG
Earl Thomas III,71,Power Up,2000.0,FS
Brandon Copeland,71,Core Gold,1100.0,LOLB
Geno Atkins,70,Power Up,4200.0,DT
Jesse Davis,70,Core Gold,1500.0,RT
Josh Oliver,70,Core Gold,1300.0,TE
Maurkice Pouncey,70,Power Up,1400.0,C
Parris Campbell,70,Core Gold,900.0,WR
Bryan Bulaga,70,Power Up,1100.0,RT
Emmanuel Sanders,70,Power Up,1300.0,WR
J.J. Arcega-Whiteside,70,Core Gold,900.0,WR
Bryce Love,70,Core Gold,900.0,HB
A.Q. Shipley,70,Core Gold,1300.0,C
Chase Daniel,70,Core Gold,900.0,QB
Jason Croom,70,Core Gold,950.0,TE
Adrian Amos,70,Power Up,1100.0,SS
Andre Smith,70,Core Gold,3000.0,RT
Dylan Cole,70,Core Gold,900.0,MLB
Adrian Colbert,70,Core Gold,1300.0,FS
Marcus Peters,70,Power Up,5400.0,CB
Spencer Pulley,70,Core Gold,1200.0,C
Ibraheim Campbell,70,Core Gold,1200.0,FS
Roy Robertson-Harris,70,Core Gold,1400.0,LE
Chad Williams,70,Core Gold,950.0,WR
Preston Smith,70,Power Up,1000.0,ROLB
Elandon Roberts,70,Core Gold,850.0,MLB
Shaq Mason,70,Power Up,1700.0,RG
Kamu Grugier-Hill,70,Core Gold,900.0,MLB
Danny Vitale,70,Core Gold,2000.0,FB
Tyler Lockett,70,Power Up,2600.0,WR
Aviante Collins,70,Core Gold,1700.0,LT
Isaiah McKenzie,70,Core Gold,900.0,WR
Brandon Linder,70,Power Up,5200.0,C
Mario Edwards Jr,70,Core Gold,1800.0,DT
Alex Redmond,70,Core Gold,950.0,RG
Nathan Gerry,70,Core Gold,999.0,LOLB
Kawann Short,70,Power Up,849.0,DT
Ronald Blair III,70,Core Gold,1600.0,LE
Zach Ertz,70,Power Up,2200.0,TE
Robert Woods,70,Power Up,1200.0,WR
Eric Murray,70,Core Gold,850.0,FS
Sean Davis,70,Core Gold,950.0,SS
Maurice Canady,70,Core Gold,900.0,CB
Duke Riley,70,Core Gold,1500.0,ROLB
Jalen Mills,70,Core Gold,1000.0,SS
Adam Shaheen,70,Core Gold,2200.0,TE
Jeff Heuerman,70,Core Gold,1000.0,TE
Isaiah Ford,70,Core Gold,1300.0,WR
Zack Moss,70,Core Rookie,900.0,HB
